Products Collection ID,Product ID,Variants Collection ID,Variant ID,Product Handle,Product Name,Product Type,Product Description,Product Categories,Main Variant Image,More Variant Images,Variant Price,Variant Compare-at Price,Product Tax Class,Variant Sku,Variant Inventory,Requires Shipping,Variant Weight,Variant Width,Variant Height,Variant Length,Variant Download Name,Variant Download URL,Option1 Name,Option1 Value,Option2 Name,Option2 Value,Option3 Name,Option3 Value,Created On,Updated On,Published On
648417e68dbd81f6440c3946,69510252a016a634006edeae,648417e68dbd81f6440c3945,69510254748d65f9523c481e,air-max-tn-custom-bmw-m,BMW Air Max TN Triple Black Custom ,Physical,,Sneakers,https://cdn.prod.website-files.com/648417e68dbd81f6440c3944/69510111071292cdd82d11dc_bmw%20tn%202.jpg,,€240.00,€330.00,standard-taxable,,,true,,,,,,,Chooze Size,37.5 EU | 6.5 US,,,,,Sun Dec 28 2025 10:11:30 GMT+0000 (Coordinated Universal Time),Tue Feb 03 2026 18:19:41 GMT+0000 (Coordinated Universal Time),
648417e68dbd81f6440c3946,69510252a016a634006edeae,648417e68dbd81f6440c3945,69510254748d65f9523c480c,air-max-tn-custom-bmw-m,BMW Air Max TN Triple Black Custom ,Physical,,Sneakers,https://cdn.prod.website-files.com/648417e68dbd81f6440c3944/69510111071292cdd82d11dc_bmw%20tn%202.jpg,,€240.00,€330.00,standard-taxable,,,true,,,,,,,Chooze Size,44 EU   | 10 US,,,,,Sun Dec 28 2025 10:11:30 GMT+0000 (Coordinated Universal Time),Tue Feb 03 2026 18:19:41 GMT+0000 (Coordinated Universal Time),
648417e68dbd81f6440c3946,69510252a016a634006edeae,648417e68dbd81f6440c3945,69510254748d65f9523c47de,air-max-tn-custom-bmw-m,BMW Air Max TN Triple Black Custom ,Physical,,Sneakers,https://cdn.prod.website-files.com/648417e68dbd81f6440c3944/69510111071292cdd82d11dc_bmw%20tn%202.jpg,,€240.00,€330.00,standard-taxable,,,true,,,,,,,Chooze Size,38 EU   | 7 US,,,,,Sun Dec 28 2025 10:11:30 GMT+0000 (Coordinated Universal Time),Tue Feb 03 2026 18:19:41 GMT+0000 (Coordinated Universal Time),
648417e68dbd81f6440c3946,69510252a016a634006edeae,648417e68dbd81f6440c3945,69510254748d65f9523c47ba,air-max-tn-custom-bmw-m,BMW Air Max TN Triple Black Custom ,Physical,,Sneakers,https://cdn.prod.website-files.com/648417e68dbd81f6440c3944/69510111071292cdd82d11dc_bmw%20tn%202.jpg,,€240.00,€330.00,standard-taxable,,,true,,,,,,,Chooze Size,41 EU   | 8 US,,,,,Sun Dec 28 2025 10:11:30 GMT+0000 (Coordinated Universal Time),Tue Feb 03 2026 18:19:41 GMT+0000 (Coordinated Universal Time),
648417e68dbd81f6440c3946,69510252a016a634006edeae,648417e68dbd81f6440c3945,69510254748d65f9523c47ac,air-max-tn-custom-bmw-m,BMW Air Max TN Triple Black Custom ,Physical,,Sneakers,https://cdn.prod.website-files.com/648417e68dbd81f6440c3944/69510111071292cdd82d11dc_bmw%20tn%202.jpg,,€240.00,€330.00,standard-taxable,,,true,,,,,,,Chooze Size,38.5 EU | 7.5 US,,,,,Sun Dec 28 2025 10:11:30 GMT+0000 (Coordinated Universal Time),Tue Feb 03 2026 18:19:41 GMT+0000 (Coordinated Universal Time),
648417e68dbd81f6440c3946,69510252a016a634006edeae,648417e68dbd81f6440c3945,69510254748d65f9523c477a,air-max-tn-custom-bmw-m,BMW Air Max TN Triple Black Custom ,Physical,,Sneakers,https://cdn.prod.website-files.com/648417e68dbd81f6440c3944/69510111071292cdd82d11dc_bmw%20tn%202.jpg,,€240.00,€330.00,standard-taxable,,,true,,,,,,,Chooze Size,42.5 EU | 9 US,,,,,Sun Dec 28 2025 10:11:30 GMT+0000 (Coordinated Universal Time),Tue Feb 03 2026 18:19:41 GMT+0000 (Coordinated Universal Time),
648417e68dbd81f6440c3946,69510252a016a634006edeae,648417e68dbd81f6440c3945,69510254748d65f9523c475e,air-max-tn-custom-bmw-m,BMW Air Max TN Triple Black Custom ,Physical,,Sneakers,https://cdn.prod.website-files.com/648417e68dbd81f6440c3944/69510111071292cdd82d11dc_bmw%20tn%202.jpg,,€240.00,€330.00,standard-taxable,,,true,,,,,,,Chooze Size,39 EU   | 8 US,,,,,Sun Dec 28 2025 10:11:30 GMT+0000 (Coordinated Universal Time),Tue Feb 03 2026 18:19:41 GMT+0000 (Coordinated Universal Time),
648417e68dbd81f6440c3946,69510252a016a634006edeae,648417e68dbd81f6440c3945,69510254748d65f9523c473a,air-max-tn-custom-bmw-m,BMW Air Max TN Triple Black Custom ,Physical,,Sneakers,https://cdn.prod.website-files.com/648417e68dbd81f6440c3944/69510111071292cdd82d11dc_bmw%20tn%202.jpg,,€240.00,€330.00,standard-taxable,,,true,,,,,,,Chooze Size,45.5 EU | 11.5 US,,,,,Sun Dec 28 2025 10:11:30 GMT+0000 (Coordinated Universal Time),Tue Feb 03 2026 18:19:41 GMT+0000 (Coordinated Universal Time),
648417e68dbd81f6440c3946,69510252a016a634006edeae,648417e68dbd81f6440c3945,69510253748d65f9523c4724,air-max-tn-custom-bmw-m,BMW Air Max TN Triple Black Custom ,Physical,,Sneakers,https://cdn.prod.website-files.com/648417e68dbd81f6440c3944/69510111071292cdd82d11dc_bmw%20tn%202.jpg,,€240.00,€330.00,standard-taxable,,,true,,,,,,,Chooze Size,36.5 EU | 6 US,,,,,Sun Dec 28 2025 10:11:30 GMT+0000 (Coordinated Universal Time),Tue Feb 03 2026 18:19:41 GMT+0000 (Coordinated Universal Time),
648417e68dbd81f6440c3946,69510252a016a634006edeae,648417e68dbd81f6440c3945,69510253748d65f9523c4708,air-max-tn-custom-bmw-m,BMW Air Max TN Triple Black Custom ,Physical,,Sneakers,https://cdn.prod.website-files.com/648417e68dbd81f6440c3944/69510111071292cdd82d11dc_bmw%20tn%202.jpg,,€240.00,€330.00,standard-taxable,,,true,,,,,,,Chooze Size,44.5 EU | 10.5 US,,,,,Sun Dec 28 2025 10:11:30 GMT+0000 (Coordinated Universal Time),Tue Feb 03 2026 18:19:41 GMT+0000 (Coordinated Universal Time),
648417e68dbd81f6440c3946,69510252a016a634006edeae,648417e68dbd81f6440c3945,69510253748d65f9523c46eb,air-max-tn-custom-bmw-m,BMW Air Max TN Triple Black Custom ,Physical,,Sneakers,https://cdn.prod.website-files.com/648417e68dbd81f6440c3944/69510111071292cdd82d11dc_bmw%20tn%202.jpg,,€240.00,€330.00,standard-taxable,,,true,,,,,,,Chooze Size,40 EU   | 7.5 US,,,,,Sun Dec 28 2025 10:11:30 GMT+0000 (Coordinated Universal Time),Tue Feb 03 2026 18:19:41 GMT+0000 (Coordinated Universal Time),
648417e68dbd81f6440c3946,69510252a016a634006edeae,648417e68dbd81f6440c3945,69510253748d65f9523c46a2,air-max-tn-custom-bmw-m,BMW Air Max TN Triple Black Custom ,Physical,,Sneakers,https://cdn.prod.website-files.com/648417e68dbd81f6440c3944/69510111071292cdd82d11dc_bmw%20tn%202.jpg,,€240.00,€330.00,standard-taxable,,,true,,,,,,,Chooze Size,43 EU   | 9.5 US,,,,,Sun Dec 28 2025 10:11:30 GMT+0000 (Coordinated Universal Time),Tue Feb 03 2026 18:19:41 GMT+0000 (Coordinated Universal Time),
648417e68dbd81f6440c3946,69510252a016a634006edeae,648417e68dbd81f6440c3945,69510253748d65f9523c4699,air-max-tn-custom-bmw-m,BMW Air Max TN Triple Black Custom ,Physical,,Sneakers,https://cdn.prod.website-files.com/648417e68dbd81f6440c3944/69510111071292cdd82d11dc_bmw%20tn%202.jpg,,€240.00,€330.00,standard-taxable,,,true,,,,,,,Chooze Size,46 EU   | 12 US,,,,,Sun Dec 28 2025 10:11:30 GMT+0000 (Coordinated Universal Time),Tue Feb 03 2026 18:19:41 GMT+0000 (Coordinated Universal Time),
648417e68dbd81f6440c3946,69510252a016a634006edeae,648417e68dbd81f6440c3945,69510253748d65f9523c4697,air-max-tn-custom-bmw-m,BMW Air Max TN Triple Black Custom ,Physical,,Sneakers,https://cdn.prod.website-files.com/648417e68dbd81f6440c3944/69510111071292cdd82d11dc_bmw%20tn%202.jpg,,€240.00,€330.00,standard-taxable,,,true,,,,,,,Chooze Size,36 EU   | 5.5 US,,,,,Sun Dec 28 2025 10:11:30 GMT+0000 (Coordinated Universal Time),Tue Feb 03 2026 18:19:41 GMT+0000 (Coordinated Universal Time),
648417e68dbd81f6440c3946,69510252a016a634006edeae,648417e68dbd81f6440c3945,69510253748d65f9523c4695,air-max-tn-custom-bmw-m,BMW Air Max TN Triple Black Custom ,Physical,,Sneakers,https://cdn.prod.website-files.com/648417e68dbd81f6440c3944/69510111071292cdd82d11dc_bmw%20tn%202.jpg,,€240.00,€330.00,standard-taxable,,,true,,,,,,,Chooze Size,45 EU   | 11 US,,,,,Sun Dec 28 2025 10:11:30 GMT+0000 (Coordinated Universal Time),Tue Feb 03 2026 18:19:41 GMT+0000 (Coordinated Universal Time),
648417e68dbd81f6440c3946,69510252a016a634006edeae,648417e68dbd81f6440c3945,69510253748d65f9523c4693,air-max-tn-custom-bmw-m,BMW Air Max TN Triple Black Custom ,Physical,,Sneakers,https://cdn.prod.website-files.com/648417e68dbd81f6440c3944/69510111071292cdd82d11dc_bmw%20tn%202.jpg,,€240.00,€330.00,standard-taxable,,,true,,,,,,,Chooze Size,42 EU   | 8.5 US,,,,,Sun Dec 28 2025 10:11:30 GMT+0000 (Coordinated Universal Time),Tue Feb 03 2026 18:19:41 GMT+0000 (Coordinated Universal Time),
648417e68dbd81f6440c3946,648c135e7436383f49562cc9,648417e68dbd81f6440c3945,6637baf6a922693ba0564958,nike-air-force-1-ghost-face-customs,Nike Air Force 1 Ghost Face,Physical,"Zakoračite u carstvo zastrašujućih intriga sa ovim Custom Patikama ukrašenim proganjajućim likom Ghostfacea.
Njihov dizajn odražava jezivo prisustvo i misteriju maskirane figure.",Sneakers,https://cdn.prod.website-files.com/648417e68dbd81f6440c3944/648c16e2b60089c6d0966f03_GhostFace%20Advanced.jpg,,€179.00,€239.00,standard-taxable,,,true,1200,,,,,,Choose size,41 EU | 8 US,,,,,Fri Jun 16 2023 07:46:38 GMT+0000 (Coordinated Universal Time),Wed Mar 26 2025 17:41:37 GMT+0000 (Coordinated Universal Time),Wed Mar 26 2025 17:41:44 GMT+0000 (Coordinated Universal Time)
648417e68dbd81f6440c3946,648c135e7436383f49562cc9,648417e68dbd81f6440c3945,6637baf6a922693ba056494d,nike-air-force-1-ghost-face-customs,Nike Air Force 1 Ghost Face,Physical,"Zakoračite u carstvo zastrašujućih intriga sa ovim Custom Patikama ukrašenim proganjajućim likom Ghostfacea.
Njihov dizajn odražava jezivo prisustvo i misteriju maskirane figure.",Sneakers,https://cdn.prod.website-files.com/648417e68dbd81f6440c3944/648c16e2b60089c6d0966f03_GhostFace%20Advanced.jpg,,€179.00,€239.00,standard-taxable,,,true,1200,,,,,,Choose size,44 EU | 10 US,,,,,Fri Jun 16 2023 07:46:38 GMT+0000 (Coordinated Universal Time),Wed Mar 26 2025 17:41:37 GMT+0000 (Coordinated Universal Time),Wed Mar 26 2025 17:41:44 GMT+0000 (Coordinated Universal Time)
648417e68dbd81f6440c3946,648c135e7436383f49562cc9,648417e68dbd81f6440c3945,6637baf60990b0427180e15a,nike-air-force-1-ghost-face-customs,Nike Air Force 1 Ghost Face,Physical,"Zakoračite u carstvo zastrašujućih intriga sa ovim Custom Patikama ukrašenim proganjajućim likom Ghostfacea.
Njihov dizajn odražava jezivo prisustvo i misteriju maskirane figure.",Sneakers,https://cdn.prod.website-files.com/648417e68dbd81f6440c3944/648c16e2b60089c6d0966f03_GhostFace%20Advanced.jpg,,€179.00,€239.00,standard-taxable,,,true,1200,,,,,,Choose size,42 EU | 8.5 US,,,,,Fri Jun 16 2023 07:46:38 GMT+0000 (Coordinated Universal Time),Wed Mar 26 2025 17:41:37 GMT+0000 (Coordinated Universal Time),Wed Mar 26 2025 17:41:44 GMT+0000 (Coordinated Universal Time)
648417e68dbd81f6440c3946,648c135e7436383f49562cc9,648417e68dbd81f6440c3945,6637baf63741d08b5979556d,nike-air-force-1-ghost-face-customs,Nike Air Force 1 Ghost Face,Physical,"Zakoračite u carstvo zastrašujućih intriga sa ovim Custom Patikama ukrašenim proganjajućim likom Ghostfacea.
Njihov dizajn odražava jezivo prisustvo i misteriju maskirane figure.",Sneakers,https://cdn.prod.website-files.com/648417e68dbd81f6440c3944/648c16e2b60089c6d0966f03_GhostFace%20Advanced.jpg,,€179.00,€239.00,standard-taxable,,,true,1200,,,,,,Choose size,43 EU | 9.5 US,,,,,Fri Jun 16 2023 07:46:38 GMT+0000 (Coordinated Universal Time),Wed Mar 26 2025 17:41:37 GMT+0000 (Coordinated Universal Time),Wed Mar 26 2025 17:41:44 GMT+0000 (Coordinated Universal Time)
648417e68dbd81f6440c3946,648c135e7436383f49562cc9,648417e68dbd81f6440c3945,6637baf62a371812ac4fbf1e,nike-air-force-1-ghost-face-customs,Nike Air Force 1 Ghost Face,Physical,"Zakoračite u carstvo zastrašujućih intriga sa ovim Custom Patikama ukrašenim proganjajućim likom Ghostfacea.
Njihov dizajn odražava jezivo prisustvo i misteriju maskirane figure.",Sneakers,https://cdn.prod.website-files.com/648417e68dbd81f6440c3944/648c16e2b60089c6d0966f03_GhostFace%20Advanced.jpg,,€179.00,€239.00,standard-taxable,,,true,1200,,,,,,Choose size,38 EU | 5.5 US,,,,,Fri Jun 16 2023 07:46:38 GMT+0000 (Coordinated Universal Time),Wed Mar 26 2025 17:41:37 GMT+0000 (Coordinated Universal Time),Wed Mar 26 2025 17:41:44 GMT+0000 (Coordinated Universal Time)
648417e68dbd81f6440c3946,648c135e7436383f49562cc9,648417e68dbd81f6440c3945,6637baf6c2bf63e12dddb9c1,nike-air-force-1-ghost-face-customs,Nike Air Force 1 Ghost Face,Physical,"Zakoračite u carstvo zastrašujućih intriga sa ovim Custom Patikama ukrašenim proganjajućim likom Ghostfacea.
Njihov dizajn odražava jezivo prisustvo i misteriju maskirane figure.",Sneakers,https://cdn.prod.website-files.com/648417e68dbd81f6440c3944/648c16e2b60089c6d0966f03_GhostFace%20Advanced.jpg,,€179.00,€239.00,standard-taxable,,,true,1200,,,,,,Choose size,45 EU | 11 US,,,,,Fri Jun 16 2023 07:46:38 GMT+0000 (Coordinated Universal Time),Wed Mar 26 2025 17:41:37 GMT+0000 (Coordinated Universal Time),Wed Mar 26 2025 17:41:44 GMT+0000 (Coordinated Universal Time)
648417e68dbd81f6440c3946,648c135e7436383f49562cc9,648417e68dbd81f6440c3945,6637baf679cd845e024f9220,nike-air-force-1-ghost-face-customs,Nike Air Force 1 Ghost Face,Physical,"Zakoračite u carstvo zastrašujućih intriga sa ovim Custom Patikama ukrašenim proganjajućim likom Ghostfacea.
Njihov dizajn odražava jezivo prisustvo i misteriju maskirane figure.",Sneakers,https://cdn.prod.website-files.com/648417e68dbd81f6440c3944/648c16e2b60089c6d0966f03_GhostFace%20Advanced.jpg,,€179.00,€239.00,standard-taxable,,,true,1200,,,,,,Choose size,37 EU | 5 US,,,,,Fri Jun 16 2023 07:46:38 GMT+0000 (Coordinated Universal Time),Wed Mar 26 2025 17:41:37 GMT+0000 (Coordinated Universal Time),Wed Mar 26 2025 17:41:44 GMT+0000 (Coordinated Universal Time)
648417e68dbd81f6440c3946,648c135e7436383f49562cc9,648417e68dbd81f6440c3945,6637baf6280f6d5d5de2ef10,nike-air-force-1-ghost-face-customs,Nike Air Force 1 Ghost Face,Physical,"Zakoračite u carstvo zastrašujućih intriga sa ovim Custom Patikama ukrašenim proganjajućim likom Ghostfacea.
Njihov dizajn odražava jezivo prisustvo i misteriju maskirane figure.",Sneakers,https://cdn.prod.website-files.com/648417e68dbd81f6440c3944/648c16e2b60089c6d0966f03_GhostFace%20Advanced.jpg,,€179.00,€239.00,standard-taxable,,,true,1200,,,,,,Choose size,40 EU | 7 US,,,,,Fri Jun 16 2023 07:46:38 GMT+0000 (Coordinated Universal Time),Wed Mar 26 2025 17:41:37 GMT+0000 (Coordinated Universal Time),Wed Mar 26 2025 17:41:44 GMT+0000 (Coordinated Universal Time)
648417e68dbd81f6440c3946,648c135e7436383f49562cc9,648417e68dbd81f6440c3945,6637baf61418343c1e599b0e,nike-air-force-1-ghost-face-customs,Nike Air Force 1 Ghost Face,Physical,"Zakoračite u carstvo zastrašujućih intriga sa ovim Custom Patikama ukrašenim proganjajućim likom Ghostfacea.
Njihov dizajn odražava jezivo prisustvo i misteriju maskirane figure.",Sneakers,https://cdn.prod.website-files.com/648417e68dbd81f6440c3944/648c16e2b60089c6d0966f03_GhostFace%20Advanced.jpg,,€179.00,€239.00,standard-taxable,,,true,1200,,,,,,Choose size,39 EU | 6.5 US,,,,,Fri Jun 16 2023 07:46:38 GMT+0000 (Coordinated Universal Time),Wed Mar 26 2025 17:41:37 GMT+0000 (Coordinated Universal Time),Wed Mar 26 2025 17:41:44 GMT+0000 (Coordinated Universal Time)
648417e68dbd81f6440c3946,648c135e7436383f49562cc9,648417e68dbd81f6440c3945,648c135fe3a26791409b727f,nike-air-force-1-ghost-face-customs,Nike Air Force 1 Ghost Face,Physical,"Zakoračite u carstvo zastrašujućih intriga sa ovim Custom Patikama ukrašenim proganjajućim likom Ghostfacea.
Njihov dizajn odražava jezivo prisustvo i misteriju maskirane figure.",Sneakers,https://cdn.prod.website-files.com/648417e68dbd81f6440c3944/648c16e2b60089c6d0966f03_GhostFace%20Advanced.jpg,,€179.00,€239.00,standard-taxable,,,true,1200,,,,,,Choose size,36 EU | 4 US,,,,,Fri Jun 16 2023 07:46:38 GMT+0000 (Coordinated Universal Time),Wed Mar 26 2025 17:41:37 GMT+0000 (Coordinated Universal Time),Wed Mar 26 2025 17:41:44 GMT+0000 (Coordinated Universal Time)
648417e68dbd81f6440c3946,652a8db3ac2fb6a71a803574,648417e68dbd81f6440c3945,6752eafba4801698955121ea,nike-air-force-1-bmw,Nike Air Force 1 BMW,Physical,"Bilo da ste entuzijasta patika ili BMW fan, ovi customi nude jedinstven i moderan način da izrazite svoju ljubav prema oba brenda.🔥🔥 Podignite svoju igru obuće savršenom fuzijom sportske elegancije i automobilskog duha.🔥💯",Sneakers,https://cdn.prod.website-files.com/648417e68dbd81f6440c3944/66c4c329f87501fa4e24da50_Main.jpg,,€170.00,€229.00,standard-taxable,,,true,,,,,,,Choose size,39 EU   | 8 US,,,,,Sat Oct 14 2023 12:46:43 GMT+0000 (Coordinated Universal Time),Thu May 28 2026 17:07:19 GMT+0000 (Coordinated Universal Time),Wed Mar 26 2025 17:41:44 GMT+0000 (Coordinated Universal Time)
648417e68dbd81f6440c3946,652a8db3ac2fb6a71a803574,648417e68dbd81f6440c3945,6752eafb28499e4e3fbbea1b,nike-air-force-1-bmw,Nike Air Force 1 BMW,Physical,"Bilo da ste entuzijasta patika ili BMW fan, ovi customi nude jedinstven i moderan način da izrazite svoju ljubav prema oba brenda.🔥🔥 Podignite svoju igru obuće savršenom fuzijom sportske elegancije i automobilskog duha.🔥💯",Sneakers,https://cdn.prod.website-files.com/648417e68dbd81f6440c3944/66c4c329f87501fa4e24da50_Main.jpg,,€170.00,€229.00,standard-taxable,,,true,,,,,,,Choose size,46 EU   | 12 US,,,,,Sat Oct 14 2023 12:46:43 GMT+0000 (Coordinated Universal Time),Thu May 28 2026 17:07:19 GMT+0000 (Coordinated Universal Time),Wed Mar 26 2025 17:41:44 GMT+0000 (Coordinated Universal Time)
648417e68dbd81f6440c3946,652a8db3ac2fb6a71a803574,648417e68dbd81f6440c3945,6752eafbbf5ed9cf8e80d833,nike-air-force-1-bmw,Nike Air Force 1 BMW,Physical,"Bilo da ste entuzijasta patika ili BMW fan, ovi customi nude jedinstven i moderan način da izrazite svoju ljubav prema oba brenda.🔥🔥 Podignite svoju igru obuće savršenom fuzijom sportske elegancije i automobilskog duha.🔥💯",Sneakers,https://cdn.prod.website-files.com/648417e68dbd81f6440c3944/66c4c329f87501fa4e24da50_Main.jpg,,€170.00,€229.00,standard-taxable,,,true,,,,,,,Choose size,38 EU   | 7 US,,,,,Sat Oct 14 2023 12:46:43 GMT+0000 (Coordinated Universal Time),Thu May 28 2026 17:07:19 GMT+0000 (Coordinated Universal Time),Wed Mar 26 2025 17:41:44 GMT+0000 (Coordinated Universal Time)
648417e68dbd81f6440c3946,652a8db3ac2fb6a71a803574,648417e68dbd81f6440c3945,6752eafbb8f80700891902ae,nike-air-force-1-bmw,Nike Air Force 1 BMW,Physical,"Bilo da ste entuzijasta patika ili BMW fan, ovi customi nude jedinstven i moderan način da izrazite svoju ljubav prema oba brenda.🔥🔥 Podignite svoju igru obuće savršenom fuzijom sportske elegancije i automobilskog duha.🔥💯",Sneakers,https://cdn.prod.website-files.com/648417e68dbd81f6440c3944/66c4c329f87501fa4e24da50_Main.jpg,,€170.00,€229.00,standard-taxable,,,true,,,,,,,Choose size,37.5 EU | 6.5 US,,,,,Sat Oct 14 2023 12:46:43 GMT+0000 (Coordinated Universal Time),Thu May 28 2026 17:07:19 GMT+0000 (Coordinated Universal Time),Wed Mar 26 2025 17:41:44 GMT+0000 (Coordinated Universal Time)
648417e68dbd81f6440c3946,652a8db3ac2fb6a71a803574,648417e68dbd81f6440c3945,6752eafb0ee4f0e451877321,nike-air-force-1-bmw,Nike Air Force 1 BMW,Physical,"Bilo da ste entuzijasta patika ili BMW fan, ovi customi nude jedinstven i moderan način da izrazite svoju ljubav prema oba brenda.🔥🔥 Podignite svoju igru obuće savršenom fuzijom sportske elegancije i automobilskog duha.🔥💯",Sneakers,https://cdn.prod.website-files.com/648417e68dbd81f6440c3944/66c4c329f87501fa4e24da50_Main.jpg,,€170.00,€229.00,standard-taxable,,,true,,,,,,,Choose size,42 EU   | 8.5 US,,,,,Sat Oct 14 2023 12:46:43 GMT+0000 (Coordinated Universal Time),Thu May 28 2026 17:07:19 GMT+0000 (Coordinated Universal Time),Wed Mar 26 2025 17:41:44 GMT+0000 (Coordinated Universal Time)
648417e68dbd81f6440c3946,652a8db3ac2fb6a71a803574,648417e68dbd81f6440c3945,6752eafa71d47e7722b0b16c,nike-air-force-1-bmw,Nike Air Force 1 BMW,Physical,"Bilo da ste entuzijasta patika ili BMW fan, ovi customi nude jedinstven i moderan način da izrazite svoju ljubav prema oba brenda.🔥🔥 Podignite svoju igru obuće savršenom fuzijom sportske elegancije i automobilskog duha.🔥💯",Sneakers,https://cdn.prod.website-files.com/648417e68dbd81f6440c3944/66c4c329f87501fa4e24da50_Main.jpg,,€170.00,€229.00,standard-taxable,,,true,,,,,,,Choose size,40 EU   | 7.5 US,,,,,Sat Oct 14 2023 12:46:43 GMT+0000 (Coordinated Universal Time),Thu May 28 2026 17:07:19 GMT+0000 (Coordinated Universal Time),Wed Mar 26 2025 17:41:44 GMT+0000 (Coordinated Universal Time)
648417e68dbd81f6440c3946,652a8db3ac2fb6a71a803574,648417e68dbd81f6440c3945,6752eafa9f9bb6e4618085e6,nike-air-force-1-bmw,Nike Air Force 1 BMW,Physical,"Bilo da ste entuzijasta patika ili BMW fan, ovi customi nude jedinstven i moderan način da izrazite svoju ljubav prema oba brenda.🔥🔥 Podignite svoju igru obuće savršenom fuzijom sportske elegancije i automobilskog duha.🔥💯",Sneakers,https://cdn.prod.website-files.com/648417e68dbd81f6440c3944/66c4c329f87501fa4e24da50_Main.jpg,,€170.00,€229.00,standard-taxable,,,true,,,,,,,Choose size,36.5 EU | 6 US,,,,,Sat Oct 14 2023 12:46:43 GMT+0000 (Coordinated Universal Time),Thu May 28 2026 17:07:19 GMT+0000 (Coordinated Universal Time),Wed Mar 26 2025 17:41:44 GMT+0000 (Coordinated Universal Time)
648417e68dbd81f6440c3946,652a8db3ac2fb6a71a803574,648417e68dbd81f6440c3945,6752eafa01fa82aeb7ff269a,nike-air-force-1-bmw,Nike Air Force 1 BMW,Physical,"Bilo da ste entuzijasta patika ili BMW fan, ovi customi nude jedinstven i moderan način da izrazite svoju ljubav prema oba brenda.🔥🔥 Podignite svoju igru obuće savršenom fuzijom sportske elegancije i automobilskog duha.🔥💯",Sneakers,https://cdn.prod.website-files.com/648417e68dbd81f6440c3944/66c4c329f87501fa4e24da50_Main.jpg,,€170.00,€229.00,standard-taxable,,,true,,,,,,,Choose size,45 EU   | 11 US,,,,,Sat Oct 14 2023 12:46:43 GMT+0000 (Coordinated Universal Time),Thu May 28 2026 17:07:19 GMT+0000 (Coordinated Universal Time),Wed Mar 26 2025 17:41:44 GMT+0000 (Coordinated Universal Time)
648417e68dbd81f6440c3946,652a8db3ac2fb6a71a803574,648417e68dbd81f6440c3945,6752eafac980db35f8dc4934,nike-air-force-1-bmw,Nike Air Force 1 BMW,Physical,"Bilo da ste entuzijasta patika ili BMW fan, ovi customi nude jedinstven i moderan način da izrazite svoju ljubav prema oba brenda.🔥🔥 Podignite svoju igru obuće savršenom fuzijom sportske elegancije i automobilskog duha.🔥💯",Sneakers,https://cdn.prod.website-files.com/648417e68dbd81f6440c3944/66c4c329f87501fa4e24da50_Main.jpg,,€170.00,€229.00,standard-taxable,,,true,,,,,,,Choose size,44.5 EU | 10.5 US,,,,,Sat Oct 14 2023 12:46:43 GMT+0000 (Coordinated Universal Time),Thu May 28 2026 17:07:19 GMT+0000 (Coordinated Universal Time),Wed Mar 26 2025 17:41:44 GMT+0000 (Coordinated Universal Time)
648417e68dbd81f6440c3946,652a8db3ac2fb6a71a803574,648417e68dbd81f6440c3945,6752eafadd44addcf0fa55d5,nike-air-force-1-bmw,Nike Air Force 1 BMW,Physical,"Bilo da ste entuzijasta patika ili BMW fan, ovi customi nude jedinstven i moderan način da izrazite svoju ljubav prema oba brenda.🔥🔥 Podignite svoju igru obuće savršenom fuzijom sportske elegancije i automobilskog duha.🔥💯",Sneakers,https://cdn.prod.website-files.com/648417e68dbd81f6440c3944/66c4c329f87501fa4e24da50_Main.jpg,,€170.00,€229.00,standard-taxable,,,true,,,,,,,Choose size,38.5 EU | 7.5 US,,,,,Sat Oct 14 2023 12:46:43 GMT+0000 (Coordinated Universal Time),Thu May 28 2026 17:07:19 GMT+0000 (Coordinated Universal Time),Wed Mar 26 2025 17:41:44 GMT+0000 (Coordinated Universal Time)
648417e68dbd81f6440c3946,652a8db3ac2fb6a71a803574,648417e68dbd81f6440c3945,6752eafafd246b88e135ebda,nike-air-force-1-bmw,Nike Air Force 1 BMW,Physical,"Bilo da ste entuzijasta patika ili BMW fan, ovi customi nude jedinstven i moderan način da izrazite svoju ljubav prema oba brenda.🔥🔥 Podignite svoju igru obuće savršenom fuzijom sportske elegancije i automobilskog duha.🔥💯",Sneakers,https://cdn.prod.website-files.com/648417e68dbd81f6440c3944/66c4c329f87501fa4e24da50_Main.jpg,,€170.00,€229.00,standard-taxable,,,true,,,,,,,Choose size,43 EU   | 9.5 US,,,,,Sat Oct 14 2023 12:46:43 GMT+0000 (Coordinated Universal Time),Thu May 28 2026 17:07:19 GMT+0000 (Coordinated Universal Time),Wed Mar 26 2025 17:41:44 GMT+0000 (Coordinated Universal Time)
648417e68dbd81f6440c3946,652a8db3ac2fb6a71a803574,648417e68dbd81f6440c3945,6752eafa66e4be786f24a951,nike-air-force-1-bmw,Nike Air Force 1 BMW,Physical,"Bilo da ste entuzijasta patika ili BMW fan, ovi customi nude jedinstven i moderan način da izrazite svoju ljubav prema oba brenda.🔥🔥 Podignite svoju igru obuće savršenom fuzijom sportske elegancije i automobilskog duha.🔥💯",Sneakers,https://cdn.prod.website-files.com/648417e68dbd81f6440c3944/66c4c329f87501fa4e24da50_Main.jpg,,€170.00,€229.00,standard-taxable,,,true,,,,,,,Choose size,36 EU   | 5.5 US,,,,,Sat Oct 14 2023 12:46:43 GMT+0000 (Coordinated Universal Time),Thu May 28 2026 17:07:19 GMT+0000 (Coordinated Universal Time),Wed Mar 26 2025 17:41:44 GMT+0000 (Coordinated Universal Time)
648417e68dbd81f6440c3946,652a8db3ac2fb6a71a803574,648417e68dbd81f6440c3945,6752eafab92832b84e6a0923,nike-air-force-1-bmw,Nike Air Force 1 BMW,Physical,"Bilo da ste entuzijasta patika ili BMW fan, ovi customi nude jedinstven i moderan način da izrazite svoju ljubav prema oba brenda.🔥🔥 Podignite svoju igru obuće savršenom fuzijom sportske elegancije i automobilskog duha.🔥💯",Sneakers,https://cdn.prod.website-files.com/648417e68dbd81f6440c3944/66c4c329f87501fa4e24da50_Main.jpg,,€170.00,€229.00,standard-taxable,,,true,,,,,,,Choose size,41 EU   | 8 US,,,,,Sat Oct 14 2023 12:46:43 GMT+0000 (Coordinated Universal Time),Thu May 28 2026 17:07:19 GMT+0000 (Coordinated Universal Time),Wed Mar 26 2025 17:41:44 GMT+0000 (Coordinated Universal Time)
648417e68dbd81f6440c3946,652a8db3ac2fb6a71a803574,648417e68dbd81f6440c3945,6752eafa8548a1f345aaf10e,nike-air-force-1-bmw,Nike Air Force 1 BMW,Physical,"Bilo da ste entuzijasta patika ili BMW fan, ovi customi nude jedinstven i moderan način da izrazite svoju ljubav prema oba brenda.🔥🔥 Podignite svoju igru obuće savršenom fuzijom sportske elegancije i automobilskog duha.🔥💯",Sneakers,https://cdn.prod.website-files.com/648417e68dbd81f6440c3944/66c4c329f87501fa4e24da50_Main.jpg,,€170.00,€229.00,standard-taxable,,,true,,,,,,,Choose size,44 EU   | 10 US,,,,,Sat Oct 14 2023 12:46:43 GMT+0000 (Coordinated Universal Time),Thu May 28 2026 17:07:19 GMT+0000 (Coordinated Universal Time),Wed Mar 26 2025 17:41:44 GMT+0000 (Coordinated Universal Time)
648417e68dbd81f6440c3946,652a8db3ac2fb6a71a803574,648417e68dbd81f6440c3945,6752eafaa121f6a1309b7898,nike-air-force-1-bmw,Nike Air Force 1 BMW,Physical,"Bilo da ste entuzijasta patika ili BMW fan, ovi customi nude jedinstven i moderan način da izrazite svoju ljubav prema oba brenda.🔥🔥 Podignite svoju igru obuće savršenom fuzijom sportske elegancije i automobilskog duha.🔥💯",Sneakers,https://cdn.prod.website-files.com/648417e68dbd81f6440c3944/66c4c329f87501fa4e24da50_Main.jpg,,€170.00,€229.00,standard-taxable,,,true,,,,,,,Choose size,45.5 EU | 11.5 US,,,,,Sat Oct 14 2023 12:46:43 GMT+0000 (Coordinated Universal Time),Thu May 28 2026 17:07:19 GMT+0000 (Coordinated Universal Time),Wed Mar 26 2025 17:41:44 GMT+0000 (Coordinated Universal Time)
648417e68dbd81f6440c3946,652a8db3ac2fb6a71a803574,648417e68dbd81f6440c3945,6752eafa2ad7b45b19dafc94,nike-air-force-1-bmw,Nike Air Force 1 BMW,Physical,"Bilo da ste entuzijasta patika ili BMW fan, ovi customi nude jedinstven i moderan način da izrazite svoju ljubav prema oba brenda.🔥🔥 Podignite svoju igru obuće savršenom fuzijom sportske elegancije i automobilskog duha.🔥💯",Sneakers,https://cdn.prod.website-files.com/648417e68dbd81f6440c3944/66c4c329f87501fa4e24da50_Main.jpg,,€170.00,€229.00,standard-taxable,,,true,,,,,,,Choose size,42.5 EU | 9 US,,,,,Sat Oct 14 2023 12:46:43 GMT+0000 (Coordinated Universal Time),Thu May 28 2026 17:07:19 GMT+0000 (Coordinated Universal Time),Wed Mar 26 2025 17:41:44 GMT+0000 (Coordinated Universal Time)
648417e68dbd81f6440c3946,65958cb4930081b5b77e9ae2,648417e68dbd81f6440c3945,6637bc3ad62dbc3eaea50daf,nike-air-force-1-sport-flame,Nike Air Force 1 Sport Flame,Physical,"Vozite se sa stilom i držite se puta u našim Sport Custom patikama! Dizajnirani za gas i ulicu, ovi customi spajaju vatreni dizajn sa portretom motoriste, osiguravajući adrenalinsku atmosferu!",Sneakers,https://cdn.prod.website-files.com/648417e68dbd81f6440c3944/65958c559a1ee6554290414f_Site1.jpg,,€169.00,,standard-taxable,,,true,,,,,,,Choose size,40 EU | 7 US,,,,,Wed Jan 03 2024 16:35:00 GMT+0000 (Coordinated Universal Time),Wed Mar 26 2025 17:41:38 GMT+0000 (Coordinated Universal Time),Wed Mar 26 2025 17:41:44 GMT+0000 (Coordinated Universal Time)
648417e68dbd81f6440c3946,65958cb4930081b5b77e9ae2,648417e68dbd81f6440c3945,6637bc3a383397773a4cd5a5,nike-air-force-1-sport-flame,Nike Air Force 1 Sport Flame,Physical,"Vozite se sa stilom i držite se puta u našim Sport Custom patikama! Dizajnirani za gas i ulicu, ovi customi spajaju vatreni dizajn sa portretom motoriste, osiguravajući adrenalinsku atmosferu!",Sneakers,https://cdn.prod.website-files.com/648417e68dbd81f6440c3944/65958c559a1ee6554290414f_Site1.jpg,,€169.00,,standard-taxable,,,true,,,,,,,Choose size,45 EU | 11 US,,,,,Wed Jan 03 2024 16:35:00 GMT+0000 (Coordinated Universal Time),Wed Mar 26 2025 17:41:38 GMT+0000 (Coordinated Universal Time),Wed Mar 26 2025 17:41:44 GMT+0000 (Coordinated Universal Time)
648417e68dbd81f6440c3946,65958cb4930081b5b77e9ae2,648417e68dbd81f6440c3945,6637bc3a383397773a4cd5a3,nike-air-force-1-sport-flame,Nike Air Force 1 Sport Flame,Physical,"Vozite se sa stilom i držite se puta u našim Sport Custom patikama! Dizajnirani za gas i ulicu, ovi customi spajaju vatreni dizajn sa portretom motoriste, osiguravajući adrenalinsku atmosferu!",Sneakers,https://cdn.prod.website-files.com/648417e68dbd81f6440c3944/65958c559a1ee6554290414f_Site1.jpg,,€169.00,,standard-taxable,,,true,,,,,,,Choose size,41 EU | 8 US,,,,,Wed Jan 03 2024 16:35:00 GMT+0000 (Coordinated Universal Time),Wed Mar 26 2025 17:41:38 GMT+0000 (Coordinated Universal Time),Wed Mar 26 2025 17:41:44 GMT+0000 (Coordinated Universal Time)
648417e68dbd81f6440c3946,65958cb4930081b5b77e9ae2,648417e68dbd81f6440c3945,6637bc3ad62dbc3eaea50d83,nike-air-force-1-sport-flame,Nike Air Force 1 Sport Flame,Physical,"Vozite se sa stilom i držite se puta u našim Sport Custom patikama! Dizajnirani za gas i ulicu, ovi customi spajaju vatreni dizajn sa portretom motoriste, osiguravajući adrenalinsku atmosferu!",Sneakers,https://cdn.prod.website-files.com/648417e68dbd81f6440c3944/65958c559a1ee6554290414f_Site1.jpg,,€169.00,,standard-taxable,,,true,,,,,,,Choose size,43 EU | 9.5 US,,,,,Wed Jan 03 2024 16:35:00 GMT+0000 (Coordinated Universal Time),Wed Mar 26 2025 17:41:38 GMT+0000 (Coordinated Universal Time),Wed Mar 26 2025 17:41:44 GMT+0000 (Coordinated Universal Time)
648417e68dbd81f6440c3946,65958cb4930081b5b77e9ae2,648417e68dbd81f6440c3945,6637bc39b0e7a56a8596f3d8,nike-air-force-1-sport-flame,Nike Air Force 1 Sport Flame,Physical,"Vozite se sa stilom i držite se puta u našim Sport Custom patikama! Dizajnirani za gas i ulicu, ovi customi spajaju vatreni dizajn sa portretom motoriste, osiguravajući adrenalinsku atmosferu!",Sneakers,https://cdn.prod.website-files.com/648417e68dbd81f6440c3944/65958c559a1ee6554290414f_Site1.jpg,,€169.00,,standard-taxable,,,true,,,,,,,Choose size,39 EU | 6.5 US,,,,,Wed Jan 03 2024 16:35:00 GMT+0000 (Coordinated Universal Time),Wed Mar 26 2025 17:41:38 GMT+0000 (Coordinated Universal Time),Wed Mar 26 2025 17:41:44 GMT+0000 (Coordinated Universal Time)
648417e68dbd81f6440c3946,65958cb4930081b5b77e9ae2,648417e68dbd81f6440c3945,6637bc395d56df8cc37ca390,nike-air-force-1-sport-flame,Nike Air Force 1 Sport Flame,Physical,"Vozite se sa stilom i držite se puta u našim Sport Custom patikama! Dizajnirani za gas i ulicu, ovi customi spajaju vatreni dizajn sa portretom motoriste, osiguravajući adrenalinsku atmosferu!",Sneakers,https://cdn.prod.website-files.com/648417e68dbd81f6440c3944/65958c559a1ee6554290414f_Site1.jpg,,€169.00,,standard-taxable,,,true,,,,,,,Choose size,46 EU | 12 US,,,,,Wed Jan 03 2024 16:35:00 GMT+0000 (Coordinated Universal Time),Wed Mar 26 2025 17:41:38 GMT+0000 (Coordinated Universal Time),Wed Mar 26 2025 17:41:44 GMT+0000 (Coordinated Universal Time)
648417e68dbd81f6440c3946,65958cb4930081b5b77e9ae2,648417e68dbd81f6440c3945,6637bc3944c6d1e802d3a661,nike-air-force-1-sport-flame,Nike Air Force 1 Sport Flame,Physical,"Vozite se sa stilom i držite se puta u našim Sport Custom patikama! Dizajnirani za gas i ulicu, ovi customi spajaju vatreni dizajn sa portretom motoriste, osiguravajući adrenalinsku atmosferu!",Sneakers,https://cdn.prod.website-files.com/648417e68dbd81f6440c3944/65958c559a1ee6554290414f_Site1.jpg,,€169.00,,standard-taxable,,,true,,,,,,,Choose size,38 EU | 5.5 US,,,,,Wed Jan 03 2024 16:35:00 GMT+0000 (Coordinated Universal Time),Wed Mar 26 2025 17:41:38 GMT+0000 (Coordinated Universal Time),Wed Mar 26 2025 17:41:44 GMT+0000 (Coordinated Universal Time)
648417e68dbd81f6440c3946,65958cb4930081b5b77e9ae2,648417e68dbd81f6440c3945,6637bc392d24646dd4a87fa4,nike-air-force-1-sport-flame,Nike Air Force 1 Sport Flame,Physical,"Vozite se sa stilom i držite se puta u našim Sport Custom patikama! Dizajnirani za gas i ulicu, ovi customi spajaju vatreni dizajn sa portretom motoriste, osiguravajući adrenalinsku atmosferu!",Sneakers,https://cdn.prod.website-files.com/648417e68dbd81f6440c3944/65958c559a1ee6554290414f_Site1.jpg,,€169.00,,standard-taxable,,,true,,,,,,,Choose size,42 EU | 8.5 US,,,,,Wed Jan 03 2024 16:35:00 GMT+0000 (Coordinated Universal Time),Wed Mar 26 2025 17:41:38 GMT+0000 (Coordinated Universal Time),Wed Mar 26 2025 17:41:44 GMT+0000 (Coordinated Universal Time)
648417e68dbd81f6440c3946,65958cb4930081b5b77e9ae2,648417e68dbd81f6440c3945,6637bc397bbea5d4da033a5c,nike-air-force-1-sport-flame,Nike Air Force 1 Sport Flame,Physical,"Vozite se sa stilom i držite se puta u našim Sport Custom patikama! Dizajnirani za gas i ulicu, ovi customi spajaju vatreni dizajn sa portretom motoriste, osiguravajući adrenalinsku atmosferu!",Sneakers,https://cdn.prod.website-files.com/648417e68dbd81f6440c3944/65958c559a1ee6554290414f_Site1.jpg,,€169.00,,standard-taxable,,,true,,,,,,,Choose size,37 EU | 5 US,,,,,Wed Jan 03 2024 16:35:00 GMT+0000 (Coordinated Universal Time),Wed Mar 26 2025 17:41:38 GMT+0000 (Coordinated Universal Time),Wed Mar 26 2025 17:41:44 GMT+0000 (Coordinated Universal Time)
648417e68dbd81f6440c3946,65958cb4930081b5b77e9ae2,648417e68dbd81f6440c3945,6637bc39100bb9108435732a,nike-air-force-1-sport-flame,Nike Air Force 1 Sport Flame,Physical,"Vozite se sa stilom i držite se puta u našim Sport Custom patikama! Dizajnirani za gas i ulicu, ovi customi spajaju vatreni dizajn sa portretom motoriste, osiguravajući adrenalinsku atmosferu!",Sneakers,https://cdn.prod.website-files.com/648417e68dbd81f6440c3944/65958c559a1ee6554290414f_Site1.jpg,,€169.00,,standard-taxable,,,true,,,,,,,Choose size,44 EU | 10 US,,,,,Wed Jan 03 2024 16:35:00 GMT+0000 (Coordinated Universal Time),Wed Mar 26 2025 17:41:38 GMT+0000 (Coordinated Universal Time),Wed Mar 26 2025 17:41:44 GMT+0000 (Coordinated Universal Time)
648417e68dbd81f6440c3946,65958cb4930081b5b77e9ae2,648417e68dbd81f6440c3945,65958cb642cbf1a14b81ed79,nike-air-force-1-sport-flame,Nike Air Force 1 Sport Flame,Physical,"Vozite se sa stilom i držite se puta u našim Sport Custom patikama! Dizajnirani za gas i ulicu, ovi customi spajaju vatreni dizajn sa portretom motoriste, osiguravajući adrenalinsku atmosferu!",Sneakers,https://cdn.prod.website-files.com/648417e68dbd81f6440c3944/65958c559a1ee6554290414f_Site1.jpg,,€169.00,,standard-taxable,,,true,,,,,,,Choose size,36 EU | 4 US,,,,,Wed Jan 03 2024 16:35:00 GMT+0000 (Coordinated Universal Time),Wed Mar 26 2025 17:41:38 GMT+0000 (Coordinated Universal Time),Wed Mar 26 2025 17:41:44 GMT+0000 (Coordinated Universal Time)
648417e68dbd81f6440c3946,65b3c583631d112d3f4e97ed,648417e68dbd81f6440c3945,6637bff5e89a5a320492d2a7,nike-air-force-1-stitch,Nike Air Force 1 Stitch,Physical,"Ovi customi se mogu pohvaliti zadivljujućim nizom boja, šara i tekstura, pružajući platno da vaša jedinstvena ličnost zablista. Pažnja posvećena detaljima je očigledna u svakom dijelu, čineći ove patike ne samo obućom već personalizovanom modnom izjavom! Zakoračite u udobnost i samopouzdanje uz stitch custom patike.
",Sneakers,https://cdn.prod.website-files.com/648417e68dbd81f6440c3944/65b3c31df2e45f684aa0eec0_2.jpg,,€179.00,,standard-taxable,,,true,,,,,,,Choose size,40 EU | 7 US,,,,,Fri Jan 26 2024 14:45:23 GMT+0000 (Coordinated Universal Time),Wed Mar 26 2025 17:41:37 GMT+0000 (Coordinated Universal Time),Wed Mar 26 2025 17:41:44 GMT+0000 (Coordinated Universal Time)
648417e68dbd81f6440c3946,65b3c583631d112d3f4e97ed,648417e68dbd81f6440c3945,6637bfef2a371812ac53b9d6,nike-air-force-1-stitch,Nike Air Force 1 Stitch,Physical,"Ovi customi se mogu pohvaliti zadivljujućim nizom boja, šara i tekstura, pružajući platno da vaša jedinstvena ličnost zablista. Pažnja posvećena detaljima je očigledna u svakom dijelu, čineći ove patike ne samo obućom već personalizovanom modnom izjavom! Zakoračite u udobnost i samopouzdanje uz stitch custom patike.
",Sneakers,https://cdn.prod.website-files.com/648417e68dbd81f6440c3944/65b3c31df2e45f684aa0eec0_2.jpg,,€179.00,,standard-taxable,,,true,,,,,,,Choose size,44 EU | 10 US,,,,,Fri Jan 26 2024 14:45:23 GMT+0000 (Coordinated Universal Time),Wed Mar 26 2025 17:41:37 GMT+0000 (Coordinated Universal Time),Wed Mar 26 2025 17:41:44 GMT+0000 (Coordinated Universal Time)
648417e68dbd81f6440c3946,65b3c583631d112d3f4e97ed,648417e68dbd81f6440c3945,6637bfefb0e7a56a859a2e9c,nike-air-force-1-stitch,Nike Air Force 1 Stitch,Physical,"Ovi customi se mogu pohvaliti zadivljujućim nizom boja, šara i tekstura, pružajući platno da vaša jedinstvena ličnost zablista. Pažnja posvećena detaljima je očigledna u svakom dijelu, čineći ove patike ne samo obućom već personalizovanom modnom izjavom! Zakoračite u udobnost i samopouzdanje uz stitch custom patike.
",Sneakers,https://cdn.prod.website-files.com/648417e68dbd81f6440c3944/65b3c31df2e45f684aa0eec0_2.jpg,,€179.00,,standard-taxable,,,true,,,,,,,Choose size,41 EU | 8 US,,,,,Fri Jan 26 2024 14:45:23 GMT+0000 (Coordinated Universal Time),Wed Mar 26 2025 17:41:37 GMT+0000 (Coordinated Universal Time),Wed Mar 26 2025 17:41:44 GMT+0000 (Coordinated Universal Time)
648417e68dbd81f6440c3946,65b3c583631d112d3f4e97ed,648417e68dbd81f6440c3945,6637bfef2a371812ac53b9c6,nike-air-force-1-stitch,Nike Air Force 1 Stitch,Physical,"Ovi customi se mogu pohvaliti zadivljujućim nizom boja, šara i tekstura, pružajući platno da vaša jedinstvena ličnost zablista. Pažnja posvećena detaljima je očigledna u svakom dijelu, čineći ove patike ne samo obućom već personalizovanom modnom izjavom! Zakoračite u udobnost i samopouzdanje uz stitch custom patike.
",Sneakers,https://cdn.prod.website-files.com/648417e68dbd81f6440c3944/65b3c31df2e45f684aa0eec0_2.jpg,,€179.00,,standard-taxable,,,true,,,,,,,Choose size,43 EU | 9.5 US,,,,,Fri Jan 26 2024 14:45:23 GMT+0000 (Coordinated Universal Time),Wed Mar 26 2025 17:41:37 GMT+0000 (Coordinated Universal Time),Wed Mar 26 2025 17:41:44 GMT+0000 (Coordinated Universal Time)
648417e68dbd81f6440c3946,65b3c583631d112d3f4e97ed,648417e68dbd81f6440c3945,6637bfef2d24646dd4ab7e1b,nike-air-force-1-stitch,Nike Air Force 1 Stitch,Physical,"Ovi customi se mogu pohvaliti zadivljujućim nizom boja, šara i tekstura, pružajući platno da vaša jedinstvena ličnost zablista. Pažnja posvećena detaljima je očigledna u svakom dijelu, čineći ove patike ne samo obućom već personalizovanom modnom izjavom! Zakoračite u udobnost i samopouzdanje uz stitch custom patike.
",Sneakers,https://cdn.prod.website-files.com/648417e68dbd81f6440c3944/65b3c31df2e45f684aa0eec0_2.jpg,,€179.00,,standard-taxable,,,true,,,,,,,Choose size,45 EU | 11 US,,,,,Fri Jan 26 2024 14:45:23 GMT+0000 (Coordinated Universal Time),Wed Mar 26 2025 17:41:37 GMT+0000 (Coordinated Universal Time),Wed Mar 26 2025 17:41:44 GMT+0000 (Coordinated Universal Time)
648417e68dbd81f6440c3946,65b3c583631d112d3f4e97ed,648417e68dbd81f6440c3945,6637bfef7bbea5d4da067719,nike-air-force-1-stitch,Nike Air Force 1 Stitch,Physical,"Ovi customi se mogu pohvaliti zadivljujućim nizom boja, šara i tekstura, pružajući platno da vaša jedinstvena ličnost zablista. Pažnja posvećena detaljima je očigledna u svakom dijelu, čineći ove patike ne samo obućom već personalizovanom modnom izjavom! Zakoračite u udobnost i samopouzdanje uz stitch custom patike.
",Sneakers,https://cdn.prod.website-files.com/648417e68dbd81f6440c3944/65b3c31df2e45f684aa0eec0_2.jpg,,€179.00,,standard-taxable,,,true,,,,,,,Choose size,39 EU | 6.5 US,,,,,Fri Jan 26 2024 14:45:23 GMT+0000 (Coordinated Universal Time),Wed Mar 26 2025 17:41:37 GMT+0000 (Coordinated Universal Time),Wed Mar 26 2025 17:41:44 GMT+0000 (Coordinated Universal Time)
648417e68dbd81f6440c3946,65b3c583631d112d3f4e97ed,648417e68dbd81f6440c3945,6637bfef383397773a4fdec4,nike-air-force-1-stitch,Nike Air Force 1 Stitch,Physical,"Ovi customi se mogu pohvaliti zadivljujućim nizom boja, šara i tekstura, pružajući platno da vaša jedinstvena ličnost zablista. Pažnja posvećena detaljima je očigledna u svakom dijelu, čineći ove patike ne samo obućom već personalizovanom modnom izjavom! Zakoračite u udobnost i samopouzdanje uz stitch custom patike.
",Sneakers,https://cdn.prod.website-files.com/648417e68dbd81f6440c3944/65b3c31df2e45f684aa0eec0_2.jpg,,€179.00,,standard-taxable,,,true,,,,,,,Choose size,42 EU | 8.5 US,,,,,Fri Jan 26 2024 14:45:23 GMT+0000 (Coordinated Universal Time),Wed Mar 26 2025 17:41:37 GMT+0000 (Coordinated Universal Time),Wed Mar 26 2025 17:41:44 GMT+0000 (Coordinated Universal Time)
648417e68dbd81f6440c3946,65b3c583631d112d3f4e97ed,648417e68dbd81f6440c3945,6637bfef7cf8fba74382f633,nike-air-force-1-stitch,Nike Air Force 1 Stitch,Physical,"Ovi customi se mogu pohvaliti zadivljujućim nizom boja, šara i tekstura, pružajući platno da vaša jedinstvena ličnost zablista. Pažnja posvećena detaljima je očigledna u svakom dijelu, čineći ove patike ne samo obućom već personalizovanom modnom izjavom! Zakoračite u udobnost i samopouzdanje uz stitch custom patike.
",Sneakers,https://cdn.prod.website-files.com/648417e68dbd81f6440c3944/65b3c31df2e45f684aa0eec0_2.jpg,,€179.00,,standard-taxable,,,true,,,,,,,Choose size,38 EU | 5.5 US,,,,,Fri Jan 26 2024 14:45:23 GMT+0000 (Coordinated Universal Time),Wed Mar 26 2025 17:41:37 GMT+0000 (Coordinated Universal Time),Wed Mar 26 2025 17:41:44 GMT+0000 (Coordinated Universal Time)
648417e68dbd81f6440c3946,65b3c583631d112d3f4e97ed,648417e68dbd81f6440c3945,6637bfef4e7d03457ea3f9f8,nike-air-force-1-stitch,Nike Air Force 1 Stitch,Physical,"Ovi customi se mogu pohvaliti zadivljujućim nizom boja, šara i tekstura, pružajući platno da vaša jedinstvena ličnost zablista. Pažnja posvećena detaljima je očigledna u svakom dijelu, čineći ove patike ne samo obućom već personalizovanom modnom izjavom! Zakoračite u udobnost i samopouzdanje uz stitch custom patike.
",Sneakers,https://cdn.prod.website-files.com/648417e68dbd81f6440c3944/65b3c31df2e45f684aa0eec0_2.jpg,,€179.00,,standard-taxable,,,true,,,,,,,Choose size,46 EU | 12 US,,,,,Fri Jan 26 2024 14:45:23 GMT+0000 (Coordinated Universal Time),Wed Mar 26 2025 17:41:37 GMT+0000 (Coordinated Universal Time),Wed Mar 26 2025 17:41:44 GMT+0000 (Coordinated Universal Time)
648417e68dbd81f6440c3946,65b3c583631d112d3f4e97ed,648417e68dbd81f6440c3945,65b3c586845ddc2770f34d02,nike-air-force-1-stitch,Nike Air Force 1 Stitch,Physical,"Ovi customi se mogu pohvaliti zadivljujućim nizom boja, šara i tekstura, pružajući platno da vaša jedinstvena ličnost zablista. Pažnja posvećena detaljima je očigledna u svakom dijelu, čineći ove patike ne samo obućom već personalizovanom modnom izjavom! Zakoračite u udobnost i samopouzdanje uz stitch custom patike.
",Sneakers,https://cdn.prod.website-files.com/648417e68dbd81f6440c3944/65b3c31df2e45f684aa0eec0_2.jpg,,€179.00,,standard-taxable,,,true,,,,,,,Choose size,36 EU | 4 US,,,,,Fri Jan 26 2024 14:45:23 GMT+0000 (Coordinated Universal Time),Wed Mar 26 2025 17:41:37 GMT+0000 (Coordinated Universal Time),Wed Mar 26 2025 17:41:44 GMT+0000 (Coordinated Universal Time)
648417e68dbd81f6440c3946,65b3c583631d112d3f4e97ed,648417e68dbd81f6440c3945,65b3c586845ddc2770f34c8c,nike-air-force-1-stitch,Nike Air Force 1 Stitch,Physical,"Ovi customi se mogu pohvaliti zadivljujućim nizom boja, šara i tekstura, pružajući platno da vaša jedinstvena ličnost zablista. Pažnja posvećena detaljima je očigledna u svakom dijelu, čineći ove patike ne samo obućom već personalizovanom modnom izjavom! Zakoračite u udobnost i samopouzdanje uz stitch custom patike.
",Sneakers,https://cdn.prod.website-files.com/648417e68dbd81f6440c3944/65b3c31df2e45f684aa0eec0_2.jpg,,€179.00,,standard-taxable,,,true,,,,,,,Choose size,37 EU | 5 US,,,,,Fri Jan 26 2024 14:45:23 GMT+0000 (Coordinated Universal Time),Wed Mar 26 2025 17:41:37 GMT+0000 (Coordinated Universal Time),Wed Mar 26 2025 17:41:44 GMT+0000 (Coordinated Universal Time)
648417e68dbd81f6440c3946,65b67c24acecf90e7464d1d3,648417e68dbd81f6440c3945,6637bef6fa0cdfe51992edff,nike-air-force-1-ninja-turtles,Nike Air Force 1 Ninja Turtles,Physical,"Ovi jedinstveni customi neprimetno spajaju ikonske elemente iz voljenog kvarteta kornjača koje se bore protiv kriminala sa savremenim dizajnom patika, stvarajući jedinstvenu i privlačnu modnu izjavu.",Sneakers,https://cdn.prod.website-files.com/648417e68dbd81f6440c3944/65b67b50bd2e7d160d9489ee_2.jpg,,€209.00,,standard-taxable,,,true,,,,,,,Choose size,42 EU | 8.5 US,,,,,Sun Jan 28 2024 16:09:08 GMT+0000 (Coordinated Universal Time),Wed Mar 26 2025 17:41:37 GMT+0000 (Coordinated Universal Time),Wed Mar 26 2025 17:41:44 GMT+0000 (Coordinated Universal Time)
648417e68dbd81f6440c3946,65b67c24acecf90e7464d1d3,648417e68dbd81f6440c3945,6637bef6fa0cdfe51992ede9,nike-air-force-1-ninja-turtles,Nike Air Force 1 Ninja Turtles,Physical,"Ovi jedinstveni customi neprimetno spajaju ikonske elemente iz voljenog kvarteta kornjača koje se bore protiv kriminala sa savremenim dizajnom patika, stvarajući jedinstvenu i privlačnu modnu izjavu.",Sneakers,https://cdn.prod.website-files.com/648417e68dbd81f6440c3944/65b67b50bd2e7d160d9489ee_2.jpg,,€209.00,,standard-taxable,,,true,,,,,,,Choose size,45 EU | 11 US,,,,,Sun Jan 28 2024 16:09:08 GMT+0000 (Coordinated Universal Time),Wed Mar 26 2025 17:41:37 GMT+0000 (Coordinated Universal Time),Wed Mar 26 2025 17:41:44 GMT+0000 (Coordinated Universal Time)
648417e68dbd81f6440c3946,65b67c24acecf90e7464d1d3,648417e68dbd81f6440c3945,6637bef5b0e7a56a85994c16,nike-air-force-1-ninja-turtles,Nike Air Force 1 Ninja Turtles,Physical,"Ovi jedinstveni customi neprimetno spajaju ikonske elemente iz voljenog kvarteta kornjača koje se bore protiv kriminala sa savremenim dizajnom patika, stvarajući jedinstvenu i privlačnu modnu izjavu.",Sneakers,https://cdn.prod.website-files.com/648417e68dbd81f6440c3944/65b67b50bd2e7d160d9489ee_2.jpg,,€209.00,,standard-taxable,,,true,,,,,,,Choose size,46 EU | 12 US,,,,,Sun Jan 28 2024 16:09:08 GMT+0000 (Coordinated Universal Time),Wed Mar 26 2025 17:41:37 GMT+0000 (Coordinated Universal Time),Wed Mar 26 2025 17:41:44 GMT+0000 (Coordinated Universal Time)
648417e68dbd81f6440c3946,65b67c24acecf90e7464d1d3,648417e68dbd81f6440c3945,6637bef53349734e7a6405ab,nike-air-force-1-ninja-turtles,Nike Air Force 1 Ninja Turtles,Physical,"Ovi jedinstveni customi neprimetno spajaju ikonske elemente iz voljenog kvarteta kornjača koje se bore protiv kriminala sa savremenim dizajnom patika, stvarajući jedinstvenu i privlačnu modnu izjavu.",Sneakers,https://cdn.prod.website-files.com/648417e68dbd81f6440c3944/65b67b50bd2e7d160d9489ee_2.jpg,,€209.00,,standard-taxable,,,true,,,,,,,Choose size,43 EU | 9.5 US,,,,,Sun Jan 28 2024 16:09:08 GMT+0000 (Coordinated Universal Time),Wed Mar 26 2025 17:41:37 GMT+0000 (Coordinated Universal Time),Wed Mar 26 2025 17:41:44 GMT+0000 (Coordinated Universal Time)
648417e68dbd81f6440c3946,65b67c24acecf90e7464d1d3,648417e68dbd81f6440c3945,6637bef52895cea17b7c7f02,nike-air-force-1-ninja-turtles,Nike Air Force 1 Ninja Turtles,Physical,"Ovi jedinstveni customi neprimetno spajaju ikonske elemente iz voljenog kvarteta kornjača koje se bore protiv kriminala sa savremenim dizajnom patika, stvarajući jedinstvenu i privlačnu modnu izjavu.",Sneakers,https://cdn.prod.website-files.com/648417e68dbd81f6440c3944/65b67b50bd2e7d160d9489ee_2.jpg,,€209.00,,standard-taxable,,,true,,,,,,,Choose size,44 EU | 10 US,,,,,Sun Jan 28 2024 16:09:08 GMT+0000 (Coordinated Universal Time),Wed Mar 26 2025 17:41:37 GMT+0000 (Coordinated Universal Time),Wed Mar 26 2025 17:41:44 GMT+0000 (Coordinated Universal Time)
648417e68dbd81f6440c3946,65b67c24acecf90e7464d1d3,648417e68dbd81f6440c3945,6637bef588c8673f4801b2fc,nike-air-force-1-ninja-turtles,Nike Air Force 1 Ninja Turtles,Physical,"Ovi jedinstveni customi neprimetno spajaju ikonske elemente iz voljenog kvarteta kornjača koje se bore protiv kriminala sa savremenim dizajnom patika, stvarajući jedinstvenu i privlačnu modnu izjavu.",Sneakers,https://cdn.prod.website-files.com/648417e68dbd81f6440c3944/65b67b50bd2e7d160d9489ee_2.jpg,,€209.00,,standard-taxable,,,true,,,,,,,Choose size,38 EU | 5.5 US,,,,,Sun Jan 28 2024 16:09:08 GMT+0000 (Coordinated Universal Time),Wed Mar 26 2025 17:41:37 GMT+0000 (Coordinated Universal Time),Wed Mar 26 2025 17:41:44 GMT+0000 (Coordinated Universal Time)
648417e68dbd81f6440c3946,65b67c24acecf90e7464d1d3,648417e68dbd81f6440c3945,6637bef5383397773a4efebb,nike-air-force-1-ninja-turtles,Nike Air Force 1 Ninja Turtles,Physical,"Ovi jedinstveni customi neprimetno spajaju ikonske elemente iz voljenog kvarteta kornjača koje se bore protiv kriminala sa savremenim dizajnom patika, stvarajući jedinstvenu i privlačnu modnu izjavu.",Sneakers,https://cdn.prod.website-files.com/648417e68dbd81f6440c3944/65b67b50bd2e7d160d9489ee_2.jpg,,€209.00,,standard-taxable,,,true,,,,,,,Choose size,37 EU | 5 US,,,,,Sun Jan 28 2024 16:09:08 GMT+0000 (Coordinated Universal Time),Wed Mar 26 2025 17:41:37 GMT+0000 (Coordinated Universal Time),Wed Mar 26 2025 17:41:44 GMT+0000 (Coordinated Universal Time)
648417e68dbd81f6440c3946,65b67c24acecf90e7464d1d3,648417e68dbd81f6440c3945,6637bef5f333644c2ef9017d,nike-air-force-1-ninja-turtles,Nike Air Force 1 Ninja Turtles,Physical,"Ovi jedinstveni customi neprimetno spajaju ikonske elemente iz voljenog kvarteta kornjača koje se bore protiv kriminala sa savremenim dizajnom patika, stvarajući jedinstvenu i privlačnu modnu izjavu.",Sneakers,https://cdn.prod.website-files.com/648417e68dbd81f6440c3944/65b67b50bd2e7d160d9489ee_2.jpg,,€209.00,,standard-taxable,,,true,,,,,,,Choose size,40 EU | 7 US,,,,,Sun Jan 28 2024 16:09:08 GMT+0000 (Coordinated Universal Time),Wed Mar 26 2025 17:41:37 GMT+0000 (Coordinated Universal Time),Wed Mar 26 2025 17:41:44 GMT+0000 (Coordinated Universal Time)
648417e68dbd81f6440c3946,65b67c24acecf90e7464d1d3,648417e68dbd81f6440c3945,6637bef5da44c5803828b858,nike-air-force-1-ninja-turtles,Nike Air Force 1 Ninja Turtles,Physical,"Ovi jedinstveni customi neprimetno spajaju ikonske elemente iz voljenog kvarteta kornjača koje se bore protiv kriminala sa savremenim dizajnom patika, stvarajući jedinstvenu i privlačnu modnu izjavu.",Sneakers,https://cdn.prod.website-files.com/648417e68dbd81f6440c3944/65b67b50bd2e7d160d9489ee_2.jpg,,€209.00,,standard-taxable,,,true,,,,,,,Choose size,41 EU | 8 US,,,,,Sun Jan 28 2024 16:09:08 GMT+0000 (Coordinated Universal Time),Wed Mar 26 2025 17:41:37 GMT+0000 (Coordinated Universal Time),Wed Mar 26 2025 17:41:44 GMT+0000 (Coordinated Universal Time)
648417e68dbd81f6440c3946,65b67c24acecf90e7464d1d3,648417e68dbd81f6440c3945,6637bef50990b042718415a6,nike-air-force-1-ninja-turtles,Nike Air Force 1 Ninja Turtles,Physical,"Ovi jedinstveni customi neprimetno spajaju ikonske elemente iz voljenog kvarteta kornjača koje se bore protiv kriminala sa savremenim dizajnom patika, stvarajući jedinstvenu i privlačnu modnu izjavu.",Sneakers,https://cdn.prod.website-files.com/648417e68dbd81f6440c3944/65b67b50bd2e7d160d9489ee_2.jpg,,€209.00,,standard-taxable,,,true,,,,,,,Choose size,39 EU | 6.5 US,,,,,Sun Jan 28 2024 16:09:08 GMT+0000 (Coordinated Universal Time),Wed Mar 26 2025 17:41:37 GMT+0000 (Coordinated Universal Time),Wed Mar 26 2025 17:41:44 GMT+0000 (Coordinated Universal Time)
648417e68dbd81f6440c3946,65b67c24acecf90e7464d1d3,648417e68dbd81f6440c3945,65b67c25b053347dc80624f4,nike-air-force-1-ninja-turtles,Nike Air Force 1 Ninja Turtles,Physical,"Ovi jedinstveni customi neprimetno spajaju ikonske elemente iz voljenog kvarteta kornjača koje se bore protiv kriminala sa savremenim dizajnom patika, stvarajući jedinstvenu i privlačnu modnu izjavu.",Sneakers,https://cdn.prod.website-files.com/648417e68dbd81f6440c3944/65b67b50bd2e7d160d9489ee_2.jpg,,€209.00,,standard-taxable,,,true,,,,,,,Choose size,36 EU | 4 US,,,,,Sun Jan 28 2024 16:09:08 GMT+0000 (Coordinated Universal Time),Wed Mar 26 2025 17:41:37 GMT+0000 (Coordinated Universal Time),Wed Mar 26 2025 17:41:44 GMT+0000 (Coordinated Universal Time)
648417e68dbd81f6440c3946,65c0f1263775a2828a7d235d,648417e68dbd81f6440c3945,6637bfd39d4895adddf8ca05,nike-air-force-1-bmw-e46,Nike Air Force 1 BMW E46,Physical,"Elegantna silueta legendarnog E46, sa svojim bezvremenskim oblinama i dinamičnim linijama, neprimetno se prenosi na platno ovih udaraca.
Ovi customi su izjava strasti za preciznošću, brzinom i nepopustljivom posvećenošću isticanju u gomili.",Sneakers,https://cdn.prod.website-files.com/648417e68dbd81f6440c3944/65c0efeef1c6923679e4d1af_2Table.jpg,,€249.00,,standard-taxable,,,true,,,,,,,Choose size,45 EU | 11 US,,,,,Mon Feb 05 2024 14:31:02 GMT+0000 (Coordinated Universal Time),Wed Mar 26 2025 17:41:38 GMT+0000 (Coordinated Universal Time),Wed Mar 26 2025 17:41:44 GMT+0000 (Coordinated Universal Time)
648417e68dbd81f6440c3946,65c0f1263775a2828a7d235d,648417e68dbd81f6440c3945,6637bfac272a8a15d1e27055,nike-air-force-1-bmw-e46,Nike Air Force 1 BMW E46,Physical,"Elegantna silueta legendarnog E46, sa svojim bezvremenskim oblinama i dinamičnim linijama, neprimetno se prenosi na platno ovih udaraca.
Ovi customi su izjava strasti za preciznošću, brzinom i nepopustljivom posvećenošću isticanju u gomili.",Sneakers,https://cdn.prod.website-files.com/648417e68dbd81f6440c3944/65c0efeef1c6923679e4d1af_2Table.jpg,,€249.00,,standard-taxable,,,true,,,,,,,Choose size,40 EU | 7 US,,,,,Mon Feb 05 2024 14:31:02 GMT+0000 (Coordinated Universal Time),Wed Mar 26 2025 17:41:38 GMT+0000 (Coordinated Universal Time),Wed Mar 26 2025 17:41:44 GMT+0000 (Coordinated Universal Time)
648417e68dbd81f6440c3946,65c0f1263775a2828a7d235d,648417e68dbd81f6440c3945,6637bfac272a8a15d1e27053,nike-air-force-1-bmw-e46,Nike Air Force 1 BMW E46,Physical,"Elegantna silueta legendarnog E46, sa svojim bezvremenskim oblinama i dinamičnim linijama, neprimetno se prenosi na platno ovih udaraca.
Ovi customi su izjava strasti za preciznošću, brzinom i nepopustljivom posvećenošću isticanju u gomili.",Sneakers,https://cdn.prod.website-files.com/648417e68dbd81f6440c3944/65c0efeef1c6923679e4d1af_2Table.jpg,,€249.00,,standard-taxable,,,true,,,,,,,Choose size,42 EU | 8.5 US,,,,,Mon Feb 05 2024 14:31:02 GMT+0000 (Coordinated Universal Time),Wed Mar 26 2025 17:41:38 GMT+0000 (Coordinated Universal Time),Wed Mar 26 2025 17:41:44 GMT+0000 (Coordinated Universal Time)
648417e68dbd81f6440c3946,65c0f1263775a2828a7d235d,648417e68dbd81f6440c3945,6637bfac2d24646dd4ab4a73,nike-air-force-1-bmw-e46,Nike Air Force 1 BMW E46,Physical,"Elegantna silueta legendarnog E46, sa svojim bezvremenskim oblinama i dinamičnim linijama, neprimetno se prenosi na platno ovih udaraca.
Ovi customi su izjava strasti za preciznošću, brzinom i nepopustljivom posvećenošću isticanju u gomili.",Sneakers,https://cdn.prod.website-files.com/648417e68dbd81f6440c3944/65c0efeef1c6923679e4d1af_2Table.jpg,,€249.00,,standard-taxable,,,true,,,,,,,Choose size,44 EU | 10 US,,,,,Mon Feb 05 2024 14:31:02 GMT+0000 (Coordinated Universal Time),Wed Mar 26 2025 17:41:38 GMT+0000 (Coordinated Universal Time),Wed Mar 26 2025 17:41:44 GMT+0000 (Coordinated Universal Time)
648417e68dbd81f6440c3946,65c0f1263775a2828a7d235d,648417e68dbd81f6440c3945,6637bfac44c6d1e802d664c6,nike-air-force-1-bmw-e46,Nike Air Force 1 BMW E46,Physical,"Elegantna silueta legendarnog E46, sa svojim bezvremenskim oblinama i dinamičnim linijama, neprimetno se prenosi na platno ovih udaraca.
Ovi customi su izjava strasti za preciznošću, brzinom i nepopustljivom posvećenošću isticanju u gomili.",Sneakers,https://cdn.prod.website-files.com/648417e68dbd81f6440c3944/65c0efeef1c6923679e4d1af_2Table.jpg,,€249.00,,standard-taxable,,,true,,,,,,,Choose size,41 EU | 8 US,,,,,Mon Feb 05 2024 14:31:02 GMT+0000 (Coordinated Universal Time),Wed Mar 26 2025 17:41:38 GMT+0000 (Coordinated Universal Time),Wed Mar 26 2025 17:41:44 GMT+0000 (Coordinated Universal Time)
648417e68dbd81f6440c3946,65c0f1263775a2828a7d235d,648417e68dbd81f6440c3945,6637bfac5d56df8cc3800f7e,nike-air-force-1-bmw-e46,Nike Air Force 1 BMW E46,Physical,"Elegantna silueta legendarnog E46, sa svojim bezvremenskim oblinama i dinamičnim linijama, neprimetno se prenosi na platno ovih udaraca.
Ovi customi su izjava strasti za preciznošću, brzinom i nepopustljivom posvećenošću isticanju u gomili.",Sneakers,https://cdn.prod.website-files.com/648417e68dbd81f6440c3944/65c0efeef1c6923679e4d1af_2Table.jpg,,€249.00,,standard-taxable,,,true,,,,,,,Choose size,39 EU | 6.5 US,,,,,Mon Feb 05 2024 14:31:02 GMT+0000 (Coordinated Universal Time),Wed Mar 26 2025 17:41:38 GMT+0000 (Coordinated Universal Time),Wed Mar 26 2025 17:41:44 GMT+0000 (Coordinated Universal Time)
648417e68dbd81f6440c3946,65c0f1263775a2828a7d235d,648417e68dbd81f6440c3945,6637bfac69e4de589570bf41,nike-air-force-1-bmw-e46,Nike Air Force 1 BMW E46,Physical,"Elegantna silueta legendarnog E46, sa svojim bezvremenskim oblinama i dinamičnim linijama, neprimetno se prenosi na platno ovih udaraca.
Ovi customi su izjava strasti za preciznošću, brzinom i nepopustljivom posvećenošću isticanju u gomili.",Sneakers,https://cdn.prod.website-files.com/648417e68dbd81f6440c3944/65c0efeef1c6923679e4d1af_2Table.jpg,,€249.00,,standard-taxable,,,true,,,,,,,Choose size,46 EU | 12 US,,,,,Mon Feb 05 2024 14:31:02 GMT+0000 (Coordinated Universal Time),Wed Mar 26 2025 17:41:38 GMT+0000 (Coordinated Universal Time),Wed Mar 26 2025 17:41:44 GMT+0000 (Coordinated Universal Time)
648417e68dbd81f6440c3946,65c0f1263775a2828a7d235d,648417e68dbd81f6440c3945,6637bfac0990b0427184f6f7,nike-air-force-1-bmw-e46,Nike Air Force 1 BMW E46,Physical,"Elegantna silueta legendarnog E46, sa svojim bezvremenskim oblinama i dinamičnim linijama, neprimetno se prenosi na platno ovih udaraca.
Ovi customi su izjava strasti za preciznošću, brzinom i nepopustljivom posvećenošću isticanju u gomili.",Sneakers,https://cdn.prod.website-files.com/648417e68dbd81f6440c3944/65c0efeef1c6923679e4d1af_2Table.jpg,,€249.00,,standard-taxable,,,true,,,,,,,Choose size,38 EU | 5.5 US,,,,,Mon Feb 05 2024 14:31:02 GMT+0000 (Coordinated Universal Time),Wed Mar 26 2025 17:41:38 GMT+0000 (Coordinated Universal Time),Wed Mar 26 2025 17:41:44 GMT+0000 (Coordinated Universal Time)
648417e68dbd81f6440c3946,65c0f1263775a2828a7d235d,648417e68dbd81f6440c3945,6637bfac3741d08b597d3c4d,nike-air-force-1-bmw-e46,Nike Air Force 1 BMW E46,Physical,"Elegantna silueta legendarnog E46, sa svojim bezvremenskim oblinama i dinamičnim linijama, neprimetno se prenosi na platno ovih udaraca.
Ovi customi su izjava strasti za preciznošću, brzinom i nepopustljivom posvećenošću isticanju u gomili.",Sneakers,https://cdn.prod.website-files.com/648417e68dbd81f6440c3944/65c0efeef1c6923679e4d1af_2Table.jpg,,€249.00,,standard-taxable,,,true,,,,,,,Choose size,37 EU | 5 US,,,,,Mon Feb 05 2024 14:31:02 GMT+0000 (Coordinated Universal Time),Wed Mar 26 2025 17:41:38 GMT+0000 (Coordinated Universal Time),Wed Mar 26 2025 17:41:44 GMT+0000 (Coordinated Universal Time)
648417e68dbd81f6440c3946,65c0f1263775a2828a7d235d,648417e68dbd81f6440c3945,6637bfacf333644c2ef99ae3,nike-air-force-1-bmw-e46,Nike Air Force 1 BMW E46,Physical,"Elegantna silueta legendarnog E46, sa svojim bezvremenskim oblinama i dinamičnim linijama, neprimetno se prenosi na platno ovih udaraca.
Ovi customi su izjava strasti za preciznošću, brzinom i nepopustljivom posvećenošću isticanju u gomili.",Sneakers,https://cdn.prod.website-files.com/648417e68dbd81f6440c3944/65c0efeef1c6923679e4d1af_2Table.jpg,,€249.00,,standard-taxable,,,true,,,,,,,Choose size,43 EU | 9.5 US,,,,,Mon Feb 05 2024 14:31:02 GMT+0000 (Coordinated Universal Time),Wed Mar 26 2025 17:41:38 GMT+0000 (Coordinated Universal Time),Wed Mar 26 2025 17:41:44 GMT+0000 (Coordinated Universal Time)
648417e68dbd81f6440c3946,65c0f1263775a2828a7d235d,648417e68dbd81f6440c3945,65c0f12903d5d750958632b6,nike-air-force-1-bmw-e46,Nike Air Force 1 BMW E46,Physical,"Elegantna silueta legendarnog E46, sa svojim bezvremenskim oblinama i dinamičnim linijama, neprimetno se prenosi na platno ovih udaraca.
Ovi customi su izjava strasti za preciznošću, brzinom i nepopustljivom posvećenošću isticanju u gomili.",Sneakers,https://cdn.prod.website-files.com/648417e68dbd81f6440c3944/65c0efeef1c6923679e4d1af_2Table.jpg,,€249.00,,standard-taxable,,,true,,,,,,,Choose size,36 EU | 4 US,,,,,Mon Feb 05 2024 14:31:02 GMT+0000 (Coordinated Universal Time),Wed Mar 26 2025 17:41:38 GMT+0000 (Coordinated Universal Time),Wed Mar 26 2025 17:41:44 GMT+0000 (Coordinated Universal Time)
648417e68dbd81f6440c3946,660ef2caf9b3e0fc2bab420b,648417e68dbd81f6440c3945,6637b61a88c8673f48fa2517,nike-air-force-1-outlaw-apex,Nike Air Force 1 Outlaw Apex,Physical,"Zakoračite u adrenalinski svijet urbanih trkača sa našim Outlaw Apex custom Air Force 1 patikama, napravljenim za one koji napreduju na ivici! Inspirisani elegantnom preciznošću vozača sportskih motocikala, ovi customi spajaju ulični stil sa inženjeringom visokih performansi.",Sneakers,https://cdn.prod.website-files.com/648417e68dbd81f6440c3944/660ef24ab7390d3693185047_Right.jpg,,€179.00,,standard-taxable,,,true,,,,,,,Choose size,44 EU | 10 US,,,,,Thu Apr 04 2024 18:34:50 GMT+0000 (Coordinated Universal Time),Wed Mar 26 2025 17:41:38 GMT+0000 (Coordinated Universal Time),Wed Mar 26 2025 17:41:44 GMT+0000 (Coordinated Universal Time)
648417e68dbd81f6440c3946,660ef2caf9b3e0fc2bab420b,648417e68dbd81f6440c3945,6637b618c9a19ed3fb61d2b7,nike-air-force-1-outlaw-apex,Nike Air Force 1 Outlaw Apex,Physical,"Zakoračite u adrenalinski svijet urbanih trkača sa našim Outlaw Apex custom Air Force 1 patikama, napravljenim za one koji napreduju na ivici! Inspirisani elegantnom preciznošću vozača sportskih motocikala, ovi customi spajaju ulični stil sa inženjeringom visokih performansi.",Sneakers,https://cdn.prod.website-files.com/648417e68dbd81f6440c3944/660ef24ab7390d3693185047_Right.jpg,,€179.00,,standard-taxable,,,true,,,,,,,Choose size,46 EU | 12 US,,,,,Thu Apr 04 2024 18:34:50 GMT+0000 (Coordinated Universal Time),Wed Mar 26 2025 17:41:38 GMT+0000 (Coordinated Universal Time),Wed Mar 26 2025 17:41:44 GMT+0000 (Coordinated Universal Time)
648417e68dbd81f6440c3946,660ef2caf9b3e0fc2bab420b,648417e68dbd81f6440c3945,6637b61869e4de589568783f,nike-air-force-1-outlaw-apex,Nike Air Force 1 Outlaw Apex,Physical,"Zakoračite u adrenalinski svijet urbanih trkača sa našim Outlaw Apex custom Air Force 1 patikama, napravljenim za one koji napreduju na ivici! Inspirisani elegantnom preciznošću vozača sportskih motocikala, ovi customi spajaju ulični stil sa inženjeringom visokih performansi.",Sneakers,https://cdn.prod.website-files.com/648417e68dbd81f6440c3944/660ef24ab7390d3693185047_Right.jpg,,€179.00,,standard-taxable,,,true,,,,,,,Choose size,41 EU | 8 US,,,,,Thu Apr 04 2024 18:34:50 GMT+0000 (Coordinated Universal Time),Wed Mar 26 2025 17:41:38 GMT+0000 (Coordinated Universal Time),Wed Mar 26 2025 17:41:44 GMT+0000 (Coordinated Universal Time)
648417e68dbd81f6440c3946,660ef2caf9b3e0fc2bab420b,648417e68dbd81f6440c3945,6637b61845ae3a47101917bf,nike-air-force-1-outlaw-apex,Nike Air Force 1 Outlaw Apex,Physical,"Zakoračite u adrenalinski svijet urbanih trkača sa našim Outlaw Apex custom Air Force 1 patikama, napravljenim za one koji napreduju na ivici! Inspirisani elegantnom preciznošću vozača sportskih motocikala, ovi customi spajaju ulični stil sa inženjeringom visokih performansi.",Sneakers,https://cdn.prod.website-files.com/648417e68dbd81f6440c3944/660ef24ab7390d3693185047_Right.jpg,,€179.00,,standard-taxable,,,true,,,,,,,Choose size,38 EU | 5.5 US,,,,,Thu Apr 04 2024 18:34:50 GMT+0000 (Coordinated Universal Time),Wed Mar 26 2025 17:41:38 GMT+0000 (Coordinated Universal Time),Wed Mar 26 2025 17:41:44 GMT+0000 (Coordinated Universal Time)
648417e68dbd81f6440c3946,660ef2caf9b3e0fc2bab420b,648417e68dbd81f6440c3945,6637b6188481b4339b196d2d,nike-air-force-1-outlaw-apex,Nike Air Force 1 Outlaw Apex,Physical,"Zakoračite u adrenalinski svijet urbanih trkača sa našim Outlaw Apex custom Air Force 1 patikama, napravljenim za one koji napreduju na ivici! Inspirisani elegantnom preciznošću vozača sportskih motocikala, ovi customi spajaju ulični stil sa inženjeringom visokih performansi.",Sneakers,https://cdn.prod.website-files.com/648417e68dbd81f6440c3944/660ef24ab7390d3693185047_Right.jpg,,€179.00,,standard-taxable,,,true,,,,,,,Choose size,45 EU | 11 US,,,,,Thu Apr 04 2024 18:34:50 GMT+0000 (Coordinated Universal Time),Wed Mar 26 2025 17:41:38 GMT+0000 (Coordinated Universal Time),Wed Mar 26 2025 17:41:44 GMT+0000 (Coordinated Universal Time)
648417e68dbd81f6440c3946,660ef2caf9b3e0fc2bab420b,648417e68dbd81f6440c3945,6637b6183c59d6c467f96a6d,nike-air-force-1-outlaw-apex,Nike Air Force 1 Outlaw Apex,Physical,"Zakoračite u adrenalinski svijet urbanih trkača sa našim Outlaw Apex custom Air Force 1 patikama, napravljenim za one koji napreduju na ivici! Inspirisani elegantnom preciznošću vozača sportskih motocikala, ovi customi spajaju ulični stil sa inženjeringom visokih performansi.",Sneakers,https://cdn.prod.website-files.com/648417e68dbd81f6440c3944/660ef24ab7390d3693185047_Right.jpg,,€179.00,,standard-taxable,,,true,,,,,,,Choose size,39 EU | 6.5 US,,,,,Thu Apr 04 2024 18:34:50 GMT+0000 (Coordinated Universal Time),Wed Mar 26 2025 17:41:38 GMT+0000 (Coordinated Universal Time),Wed Mar 26 2025 17:41:44 GMT+0000 (Coordinated Universal Time)
648417e68dbd81f6440c3946,660ef2caf9b3e0fc2bab420b,648417e68dbd81f6440c3945,6637b618cd0b134e2debb589,nike-air-force-1-outlaw-apex,Nike Air Force 1 Outlaw Apex,Physical,"Zakoračite u adrenalinski svijet urbanih trkača sa našim Outlaw Apex custom Air Force 1 patikama, napravljenim za one koji napreduju na ivici! Inspirisani elegantnom preciznošću vozača sportskih motocikala, ovi customi spajaju ulični stil sa inženjeringom visokih performansi.",Sneakers,https://cdn.prod.website-files.com/648417e68dbd81f6440c3944/660ef24ab7390d3693185047_Right.jpg,,€179.00,,standard-taxable,,,true,,,,,,,Choose size,37 EU | 5 US,,,,,Thu Apr 04 2024 18:34:50 GMT+0000 (Coordinated Universal Time),Wed Mar 26 2025 17:41:38 GMT+0000 (Coordinated Universal Time),Wed Mar 26 2025 17:41:44 GMT+0000 (Coordinated Universal Time)
648417e68dbd81f6440c3946,660ef2caf9b3e0fc2bab420b,648417e68dbd81f6440c3945,6637b618447d66567c60c085,nike-air-force-1-outlaw-apex,Nike Air Force 1 Outlaw Apex,Physical,"Zakoračite u adrenalinski svijet urbanih trkača sa našim Outlaw Apex custom Air Force 1 patikama, napravljenim za one koji napreduju na ivici! Inspirisani elegantnom preciznošću vozača sportskih motocikala, ovi customi spajaju ulični stil sa inženjeringom visokih performansi.",Sneakers,https://cdn.prod.website-files.com/648417e68dbd81f6440c3944/660ef24ab7390d3693185047_Right.jpg,,€179.00,,standard-taxable,,,true,,,,,,,Choose size,40 EU | 7 US,,,,,Thu Apr 04 2024 18:34:50 GMT+0000 (Coordinated Universal Time),Wed Mar 26 2025 17:41:38 GMT+0000 (Coordinated Universal Time),Wed Mar 26 2025 17:41:44 GMT+0000 (Coordinated Universal Time)
648417e68dbd81f6440c3946,660ef2caf9b3e0fc2bab420b,648417e68dbd81f6440c3945,6637b6187e856688081f6158,nike-air-force-1-outlaw-apex,Nike Air Force 1 Outlaw Apex,Physical,"Zakoračite u adrenalinski svijet urbanih trkača sa našim Outlaw Apex custom Air Force 1 patikama, napravljenim za one koji napreduju na ivici! Inspirisani elegantnom preciznošću vozača sportskih motocikala, ovi customi spajaju ulični stil sa inženjeringom visokih performansi.",Sneakers,https://cdn.prod.website-files.com/648417e68dbd81f6440c3944/660ef24ab7390d3693185047_Right.jpg,,€179.00,,standard-taxable,,,true,,,,,,,Choose size,43 EU | 9.5 US,,,,,Thu Apr 04 2024 18:34:50 GMT+0000 (Coordinated Universal Time),Wed Mar 26 2025 17:41:38 GMT+0000 (Coordinated Universal Time),Wed Mar 26 2025 17:41:44 GMT+0000 (Coordinated Universal Time)
648417e68dbd81f6440c3946,660ef2caf9b3e0fc2bab420b,648417e68dbd81f6440c3945,6637b61813967b5373db2007,nike-air-force-1-outlaw-apex,Nike Air Force 1 Outlaw Apex,Physical,"Zakoračite u adrenalinski svijet urbanih trkača sa našim Outlaw Apex custom Air Force 1 patikama, napravljenim za one koji napreduju na ivici! Inspirisani elegantnom preciznošću vozača sportskih motocikala, ovi customi spajaju ulični stil sa inženjeringom visokih performansi.",Sneakers,https://cdn.prod.website-files.com/648417e68dbd81f6440c3944/660ef24ab7390d3693185047_Right.jpg,,€179.00,,standard-taxable,,,true,,,,,,,Choose size,42 EU | 8.5 US,,,,,Thu Apr 04 2024 18:34:50 GMT+0000 (Coordinated Universal Time),Wed Mar 26 2025 17:41:38 GMT+0000 (Coordinated Universal Time),Wed Mar 26 2025 17:41:44 GMT+0000 (Coordinated Universal Time)
648417e68dbd81f6440c3946,660ef2caf9b3e0fc2bab420b,648417e68dbd81f6440c3945,660ef2cca0044e9af3a61890,nike-air-force-1-outlaw-apex,Nike Air Force 1 Outlaw Apex,Physical,"Zakoračite u adrenalinski svijet urbanih trkača sa našim Outlaw Apex custom Air Force 1 patikama, napravljenim za one koji napreduju na ivici! Inspirisani elegantnom preciznošću vozača sportskih motocikala, ovi customi spajaju ulični stil sa inženjeringom visokih performansi.",Sneakers,https://cdn.prod.website-files.com/648417e68dbd81f6440c3944/660ef24ab7390d3693185047_Right.jpg,,€179.00,,standard-taxable,,,true,,,,,,,Choose size,36 EU | 4 US,,,,,Thu Apr 04 2024 18:34:50 GMT+0000 (Coordinated Universal Time),Wed Mar 26 2025 17:41:38 GMT+0000 (Coordinated Universal Time),Wed Mar 26 2025 17:41:44 GMT+0000 (Coordinated Universal Time)
648417e68dbd81f6440c3946,6672da49aa0c85b24819b84d,648417e68dbd81f6440c3945,6672dc4dc819247d724bdfe7,nike-air-force-1-golf-r,Nike Air Force 1 Golf R,Physical,"Oslobodite snagu brzine i stila uz prilagođene Nike Air Force 1 - Golf R patike. 😍
Konstruisani za maksimalnu udobnost i dizajnirani sa preciznošću, ove patike postavljaju trendove na svakom koraku!🔥💯",Sneakers,https://cdn.prod.website-files.com/648417e68dbd81f6440c3944/6672d94d57d457835adad924_1Wb.jpg,,€179.00,,standard-taxable,,,true,,,,,,,Choose size,41 EU | 8 US,,,,,Wed Jun 19 2024 13:16:57 GMT+0000 (Coordinated Universal Time),Wed Mar 26 2025 17:41:38 GMT+0000 (Coordinated Universal Time),Wed Mar 26 2025 17:41:44 GMT+0000 (Coordinated Universal Time)
648417e68dbd81f6440c3946,6672da49aa0c85b24819b84d,648417e68dbd81f6440c3945,6672dc4c87cf9d01767a9af5,nike-air-force-1-golf-r,Nike Air Force 1 Golf R,Physical,"Oslobodite snagu brzine i stila uz prilagođene Nike Air Force 1 - Golf R patike. 😍
Konstruisani za maksimalnu udobnost i dizajnirani sa preciznošću, ove patike postavljaju trendove na svakom koraku!🔥💯",Sneakers,https://cdn.prod.website-files.com/648417e68dbd81f6440c3944/6672d94d57d457835adad924_1Wb.jpg,,€179.00,,standard-taxable,,,true,,,,,,,Choose size,44 EU | 10 US,,,,,Wed Jun 19 2024 13:16:57 GMT+0000 (Coordinated Universal Time),Wed Mar 26 2025 17:41:38 GMT+0000 (Coordinated Universal Time),Wed Mar 26 2025 17:41:44 GMT+0000 (Coordinated Universal Time)
648417e68dbd81f6440c3946,6672da49aa0c85b24819b84d,648417e68dbd81f6440c3945,6672dc4cc6e4b9d42890e091,nike-air-force-1-golf-r,Nike Air Force 1 Golf R,Physical,"Oslobodite snagu brzine i stila uz prilagođene Nike Air Force 1 - Golf R patike. 😍
Konstruisani za maksimalnu udobnost i dizajnirani sa preciznošću, ove patike postavljaju trendove na svakom koraku!🔥💯",Sneakers,https://cdn.prod.website-files.com/648417e68dbd81f6440c3944/6672d94d57d457835adad924_1Wb.jpg,,€179.00,,standard-taxable,,,true,,,,,,,Choose size,43 EU | 9.5 US,,,,,Wed Jun 19 2024 13:16:57 GMT+0000 (Coordinated Universal Time),Wed Mar 26 2025 17:41:38 GMT+0000 (Coordinated Universal Time),Wed Mar 26 2025 17:41:44 GMT+0000 (Coordinated Universal Time)
648417e68dbd81f6440c3946,6672da49aa0c85b24819b84d,648417e68dbd81f6440c3945,6672dc4ce006c9dc5ddc6b2f,nike-air-force-1-golf-r,Nike Air Force 1 Golf R,Physical,"Oslobodite snagu brzine i stila uz prilagođene Nike Air Force 1 - Golf R patike. 😍
Konstruisani za maksimalnu udobnost i dizajnirani sa preciznošću, ove patike postavljaju trendove na svakom koraku!🔥💯",Sneakers,https://cdn.prod.website-files.com/648417e68dbd81f6440c3944/6672d94d57d457835adad924_1Wb.jpg,,€179.00,,standard-taxable,,,true,,,,,,,Choose size,39 EU | 6.5 US,,,,,Wed Jun 19 2024 13:16:57 GMT+0000 (Coordinated Universal Time),Wed Mar 26 2025 17:41:38 GMT+0000 (Coordinated Universal Time),Wed Mar 26 2025 17:41:44 GMT+0000 (Coordinated Universal Time)
648417e68dbd81f6440c3946,6672da49aa0c85b24819b84d,648417e68dbd81f6440c3945,6672dc4c70c61980aa048d25,nike-air-force-1-golf-r,Nike Air Force 1 Golf R,Physical,"Oslobodite snagu brzine i stila uz prilagođene Nike Air Force 1 - Golf R patike. 😍
Konstruisani za maksimalnu udobnost i dizajnirani sa preciznošću, ove patike postavljaju trendove na svakom koraku!🔥💯",Sneakers,https://cdn.prod.website-files.com/648417e68dbd81f6440c3944/6672d94d57d457835adad924_1Wb.jpg,,€179.00,,standard-taxable,,,true,,,,,,,Choose size,45 EU | 11 US,,,,,Wed Jun 19 2024 13:16:57 GMT+0000 (Coordinated Universal Time),Wed Mar 26 2025 17:41:38 GMT+0000 (Coordinated Universal Time),Wed Mar 26 2025 17:41:44 GMT+0000 (Coordinated Universal Time)
648417e68dbd81f6440c3946,6672da49aa0c85b24819b84d,648417e68dbd81f6440c3945,6672dc4c809824b09cbacd96,nike-air-force-1-golf-r,Nike Air Force 1 Golf R,Physical,"Oslobodite snagu brzine i stila uz prilagođene Nike Air Force 1 - Golf R patike. 😍
Konstruisani za maksimalnu udobnost i dizajnirani sa preciznošću, ove patike postavljaju trendove na svakom koraku!🔥💯",Sneakers,https://cdn.prod.website-files.com/648417e68dbd81f6440c3944/6672d94d57d457835adad924_1Wb.jpg,,€179.00,,standard-taxable,,,true,,,,,,,Choose size,37 EU | 5 US,,,,,Wed Jun 19 2024 13:16:57 GMT+0000 (Coordinated Universal Time),Wed Mar 26 2025 17:41:38 GMT+0000 (Coordinated Universal Time),Wed Mar 26 2025 17:41:44 GMT+0000 (Coordinated Universal Time)
648417e68dbd81f6440c3946,6672da49aa0c85b24819b84d,648417e68dbd81f6440c3945,6672dc4c27c7be9ab491f51a,nike-air-force-1-golf-r,Nike Air Force 1 Golf R,Physical,"Oslobodite snagu brzine i stila uz prilagođene Nike Air Force 1 - Golf R patike. 😍
Konstruisani za maksimalnu udobnost i dizajnirani sa preciznošću, ove patike postavljaju trendove na svakom koraku!🔥💯",Sneakers,https://cdn.prod.website-files.com/648417e68dbd81f6440c3944/6672d94d57d457835adad924_1Wb.jpg,,€179.00,,standard-taxable,,,true,,,,,,,Choose size,38 EU | 5.5 US,,,,,Wed Jun 19 2024 13:16:57 GMT+0000 (Coordinated Universal Time),Wed Mar 26 2025 17:41:38 GMT+0000 (Coordinated Universal Time),Wed Mar 26 2025 17:41:44 GMT+0000 (Coordinated Universal Time)
648417e68dbd81f6440c3946,6672da49aa0c85b24819b84d,648417e68dbd81f6440c3945,6672dc4c3f4c1ab0f1a9af35,nike-air-force-1-golf-r,Nike Air Force 1 Golf R,Physical,"Oslobodite snagu brzine i stila uz prilagođene Nike Air Force 1 - Golf R patike. 😍
Konstruisani za maksimalnu udobnost i dizajnirani sa preciznošću, ove patike postavljaju trendove na svakom koraku!🔥💯",Sneakers,https://cdn.prod.website-files.com/648417e68dbd81f6440c3944/6672d94d57d457835adad924_1Wb.jpg,,€179.00,,standard-taxable,,,true,,,,,,,Choose size,42 EU | 8.5 US,,,,,Wed Jun 19 2024 13:16:57 GMT+0000 (Coordinated Universal Time),Wed Mar 26 2025 17:41:38 GMT+0000 (Coordinated Universal Time),Wed Mar 26 2025 17:41:44 GMT+0000 (Coordinated Universal Time)
648417e68dbd81f6440c3946,6672da49aa0c85b24819b84d,648417e68dbd81f6440c3945,6672dc4c6e498cdbd43fe33a,nike-air-force-1-golf-r,Nike Air Force 1 Golf R,Physical,"Oslobodite snagu brzine i stila uz prilagođene Nike Air Force 1 - Golf R patike. 😍
Konstruisani za maksimalnu udobnost i dizajnirani sa preciznošću, ove patike postavljaju trendove na svakom koraku!🔥💯",Sneakers,https://cdn.prod.website-files.com/648417e68dbd81f6440c3944/6672d94d57d457835adad924_1Wb.jpg,,€179.00,,standard-taxable,,,true,,,,,,,Choose size,46 EU | 12 US,,,,,Wed Jun 19 2024 13:16:57 GMT+0000 (Coordinated Universal Time),Wed Mar 26 2025 17:41:38 GMT+0000 (Coordinated Universal Time),Wed Mar 26 2025 17:41:44 GMT+0000 (Coordinated Universal Time)
648417e68dbd81f6440c3946,6672da49aa0c85b24819b84d,648417e68dbd81f6440c3945,6672dc4cf9c86229b1eb0b0e,nike-air-force-1-golf-r,Nike Air Force 1 Golf R,Physical,"Oslobodite snagu brzine i stila uz prilagođene Nike Air Force 1 - Golf R patike. 😍
Konstruisani za maksimalnu udobnost i dizajnirani sa preciznošću, ove patike postavljaju trendove na svakom koraku!🔥💯",Sneakers,https://cdn.prod.website-files.com/648417e68dbd81f6440c3944/6672d94d57d457835adad924_1Wb.jpg,,€179.00,,standard-taxable,,,true,,,,,,,Choose size,40 EU | 7 US,,,,,Wed Jun 19 2024 13:16:57 GMT+0000 (Coordinated Universal Time),Wed Mar 26 2025 17:41:38 GMT+0000 (Coordinated Universal Time),Wed Mar 26 2025 17:41:44 GMT+0000 (Coordinated Universal Time)
648417e68dbd81f6440c3946,6672da49aa0c85b24819b84d,648417e68dbd81f6440c3945,6672da4a3d2141eb67a07abd,nike-air-force-1-golf-r,Nike Air Force 1 Golf R,Physical,"Oslobodite snagu brzine i stila uz prilagođene Nike Air Force 1 - Golf R patike. 😍
Konstruisani za maksimalnu udobnost i dizajnirani sa preciznošću, ove patike postavljaju trendove na svakom koraku!🔥💯",Sneakers,https://cdn.prod.website-files.com/648417e68dbd81f6440c3944/6672d94d57d457835adad924_1Wb.jpg,,€179.00,,standard-taxable,,,true,,,,,,,Choose size,36 EU | 4 US,,,,,Wed Jun 19 2024 13:16:57 GMT+0000 (Coordinated Universal Time),Wed Mar 26 2025 17:41:38 GMT+0000 (Coordinated Universal Time),Wed Mar 26 2025 17:41:44 GMT+0000 (Coordinated Universal Time)
648417e68dbd81f6440c3946,66796eef328059dd49543aac,648417e68dbd81f6440c3945,667970419b6654300790be8f,nike-air-force-1-golf-gtd,Nike Air Force 1 Golf GTD,Physical,"Osvježite igru svog stila uz Nike Air Force 1 - Volksvagen GTD patike. Ovi dinamični customi spajaju vrhunske performanse GTD-a sa popularnima Af1 patikama.
Dizajnirani za one koji žive u brzoj traci, elegantnom estetikom i nenadmašnom udobnošću.",Sneakers,https://cdn.prod.website-files.com/648417e68dbd81f6440c3944/66796ed3bccb6350b60b6fc1_1wb.jpg,,€190.00,,standard-taxable,,,true,,,,,,,Choose size,46 EU | 12 US,,,,,Mon Jun 24 2024 13:04:47 GMT+0000 (Coordinated Universal Time),Wed Mar 26 2025 17:41:38 GMT+0000 (Coordinated Universal Time),Wed Mar 26 2025 17:41:44 GMT+0000 (Coordinated Universal Time)
648417e68dbd81f6440c3946,66796eef328059dd49543aac,648417e68dbd81f6440c3945,66797040f4081ff18d1259a2,nike-air-force-1-golf-gtd,Nike Air Force 1 Golf GTD,Physical,"Osvježite igru svog stila uz Nike Air Force 1 - Volksvagen GTD patike. Ovi dinamični customi spajaju vrhunske performanse GTD-a sa popularnima Af1 patikama.
Dizajnirani za one koji žive u brzoj traci, elegantnom estetikom i nenadmašnom udobnošću.",Sneakers,https://cdn.prod.website-files.com/648417e68dbd81f6440c3944/66796ed3bccb6350b60b6fc1_1wb.jpg,,€190.00,,standard-taxable,,,true,,,,,,,Choose size,37 EU | 5 US,,,,,Mon Jun 24 2024 13:04:47 GMT+0000 (Coordinated Universal Time),Wed Mar 26 2025 17:41:38 GMT+0000 (Coordinated Universal Time),Wed Mar 26 2025 17:41:44 GMT+0000 (Coordinated Universal Time)
648417e68dbd81f6440c3946,66796eef328059dd49543aac,648417e68dbd81f6440c3945,667970403dc4764e1711128a,nike-air-force-1-golf-gtd,Nike Air Force 1 Golf GTD,Physical,"Osvježite igru svog stila uz Nike Air Force 1 - Volksvagen GTD patike. Ovi dinamični customi spajaju vrhunske performanse GTD-a sa popularnima Af1 patikama.
Dizajnirani za one koji žive u brzoj traci, elegantnom estetikom i nenadmašnom udobnošću.",Sneakers,https://cdn.prod.website-files.com/648417e68dbd81f6440c3944/66796ed3bccb6350b60b6fc1_1wb.jpg,,€190.00,,standard-taxable,,,true,,,,,,,Choose size,42 EU | 8.5 US,,,,,Mon Jun 24 2024 13:04:47 GMT+0000 (Coordinated Universal Time),Wed Mar 26 2025 17:41:38 GMT+0000 (Coordinated Universal Time),Wed Mar 26 2025 17:41:44 GMT+0000 (Coordinated Universal Time)
648417e68dbd81f6440c3946,66796eef328059dd49543aac,648417e68dbd81f6440c3945,667970406c0d76a1e03c9c12,nike-air-force-1-golf-gtd,Nike Air Force 1 Golf GTD,Physical,"Osvježite igru svog stila uz Nike Air Force 1 - Volksvagen GTD patike. Ovi dinamični customi spajaju vrhunske performanse GTD-a sa popularnima Af1 patikama.
Dizajnirani za one koji žive u brzoj traci, elegantnom estetikom i nenadmašnom udobnošću.",Sneakers,https://cdn.prod.website-files.com/648417e68dbd81f6440c3944/66796ed3bccb6350b60b6fc1_1wb.jpg,,€190.00,,standard-taxable,,,true,,,,,,,Choose size,44 EU | 10 US,,,,,Mon Jun 24 2024 13:04:47 GMT+0000 (Coordinated Universal Time),Wed Mar 26 2025 17:41:38 GMT+0000 (Coordinated Universal Time),Wed Mar 26 2025 17:41:44 GMT+0000 (Coordinated Universal Time)
648417e68dbd81f6440c3946,66796eef328059dd49543aac,648417e68dbd81f6440c3945,66797040f3fc28351fd053e0,nike-air-force-1-golf-gtd,Nike Air Force 1 Golf GTD,Physical,"Osvježite igru svog stila uz Nike Air Force 1 - Volksvagen GTD patike. Ovi dinamični customi spajaju vrhunske performanse GTD-a sa popularnima Af1 patikama.
Dizajnirani za one koji žive u brzoj traci, elegantnom estetikom i nenadmašnom udobnošću.",Sneakers,https://cdn.prod.website-files.com/648417e68dbd81f6440c3944/66796ed3bccb6350b60b6fc1_1wb.jpg,,€190.00,,standard-taxable,,,true,,,,,,,Choose size,45 EU | 11 US,,,,,Mon Jun 24 2024 13:04:47 GMT+0000 (Coordinated Universal Time),Wed Mar 26 2025 17:41:38 GMT+0000 (Coordinated Universal Time),Wed Mar 26 2025 17:41:44 GMT+0000 (Coordinated Universal Time)
648417e68dbd81f6440c3946,66796eef328059dd49543aac,648417e68dbd81f6440c3945,66797040774108bfe3d7e1d3,nike-air-force-1-golf-gtd,Nike Air Force 1 Golf GTD,Physical,"Osvježite igru svog stila uz Nike Air Force 1 - Volksvagen GTD patike. Ovi dinamični customi spajaju vrhunske performanse GTD-a sa popularnima Af1 patikama.
Dizajnirani za one koji žive u brzoj traci, elegantnom estetikom i nenadmašnom udobnošću.",Sneakers,https://cdn.prod.website-files.com/648417e68dbd81f6440c3944/66796ed3bccb6350b60b6fc1_1wb.jpg,,€190.00,,standard-taxable,,,true,,,,,,,Choose size,40 EU | 7 US,,,,,Mon Jun 24 2024 13:04:47 GMT+0000 (Coordinated Universal Time),Wed Mar 26 2025 17:41:38 GMT+0000 (Coordinated Universal Time),Wed Mar 26 2025 17:41:44 GMT+0000 (Coordinated Universal Time)
648417e68dbd81f6440c3946,66796eef328059dd49543aac,648417e68dbd81f6440c3945,66797040803d3ca3d1673aa4,nike-air-force-1-golf-gtd,Nike Air Force 1 Golf GTD,Physical,"Osvježite igru svog stila uz Nike Air Force 1 - Volksvagen GTD patike. Ovi dinamični customi spajaju vrhunske performanse GTD-a sa popularnima Af1 patikama.
Dizajnirani za one koji žive u brzoj traci, elegantnom estetikom i nenadmašnom udobnošću.",Sneakers,https://cdn.prod.website-files.com/648417e68dbd81f6440c3944/66796ed3bccb6350b60b6fc1_1wb.jpg,,€190.00,,standard-taxable,,,true,,,,,,,Choose size,43 EU | 9.5 US,,,,,Mon Jun 24 2024 13:04:47 GMT+0000 (Coordinated Universal Time),Wed Mar 26 2025 17:41:38 GMT+0000 (Coordinated Universal Time),Wed Mar 26 2025 17:41:44 GMT+0000 (Coordinated Universal Time)
648417e68dbd81f6440c3946,66796eef328059dd49543aac,648417e68dbd81f6440c3945,66797040422d3d94bde3c3ca,nike-air-force-1-golf-gtd,Nike Air Force 1 Golf GTD,Physical,"Osvježite igru svog stila uz Nike Air Force 1 - Volksvagen GTD patike. Ovi dinamični customi spajaju vrhunske performanse GTD-a sa popularnima Af1 patikama.
Dizajnirani za one koji žive u brzoj traci, elegantnom estetikom i nenadmašnom udobnošću.",Sneakers,https://cdn.prod.website-files.com/648417e68dbd81f6440c3944/66796ed3bccb6350b60b6fc1_1wb.jpg,,€190.00,,standard-taxable,,,true,,,,,,,Choose size,38 EU | 5.5 US,,,,,Mon Jun 24 2024 13:04:47 GMT+0000 (Coordinated Universal Time),Wed Mar 26 2025 17:41:38 GMT+0000 (Coordinated Universal Time),Wed Mar 26 2025 17:41:44 GMT+0000 (Coordinated Universal Time)
648417e68dbd81f6440c3946,66796eef328059dd49543aac,648417e68dbd81f6440c3945,66797040989909193c0c315e,nike-air-force-1-golf-gtd,Nike Air Force 1 Golf GTD,Physical,"Osvježite igru svog stila uz Nike Air Force 1 - Volksvagen GTD patike. Ovi dinamični customi spajaju vrhunske performanse GTD-a sa popularnima Af1 patikama.
Dizajnirani za one koji žive u brzoj traci, elegantnom estetikom i nenadmašnom udobnošću.",Sneakers,https://cdn.prod.website-files.com/648417e68dbd81f6440c3944/66796ed3bccb6350b60b6fc1_1wb.jpg,,€190.00,,standard-taxable,,,true,,,,,,,Choose size,39 EU | 6.5 US,,,,,Mon Jun 24 2024 13:04:47 GMT+0000 (Coordinated Universal Time),Wed Mar 26 2025 17:41:38 GMT+0000 (Coordinated Universal Time),Wed Mar 26 2025 17:41:44 GMT+0000 (Coordinated Universal Time)
648417e68dbd81f6440c3946,66796eef328059dd49543aac,648417e68dbd81f6440c3945,66797040f527504843b7b901,nike-air-force-1-golf-gtd,Nike Air Force 1 Golf GTD,Physical,"Osvježite igru svog stila uz Nike Air Force 1 - Volksvagen GTD patike. Ovi dinamični customi spajaju vrhunske performanse GTD-a sa popularnima Af1 patikama.
Dizajnirani za one koji žive u brzoj traci, elegantnom estetikom i nenadmašnom udobnošću.",Sneakers,https://cdn.prod.website-files.com/648417e68dbd81f6440c3944/66796ed3bccb6350b60b6fc1_1wb.jpg,,€190.00,,standard-taxable,,,true,,,,,,,Choose size,41 EU | 8 US,,,,,Mon Jun 24 2024 13:04:47 GMT+0000 (Coordinated Universal Time),Wed Mar 26 2025 17:41:38 GMT+0000 (Coordinated Universal Time),Wed Mar 26 2025 17:41:44 GMT+0000 (Coordinated Universal Time)
648417e68dbd81f6440c3946,66796eef328059dd49543aac,648417e68dbd81f6440c3945,66796eef4fc03527a6327819,nike-air-force-1-golf-gtd,Nike Air Force 1 Golf GTD,Physical,"Osvježite igru svog stila uz Nike Air Force 1 - Volksvagen GTD patike. Ovi dinamični customi spajaju vrhunske performanse GTD-a sa popularnima Af1 patikama.
Dizajnirani za one koji žive u brzoj traci, elegantnom estetikom i nenadmašnom udobnošću.",Sneakers,https://cdn.prod.website-files.com/648417e68dbd81f6440c3944/66796ed3bccb6350b60b6fc1_1wb.jpg,,€190.00,,standard-taxable,,,true,,,,,,,Choose size,36 EU | 4 US,,,,,Mon Jun 24 2024 13:04:47 GMT+0000 (Coordinated Universal Time),Wed Mar 26 2025 17:41:38 GMT+0000 (Coordinated Universal Time),Wed Mar 26 2025 17:41:44 GMT+0000 (Coordinated Universal Time)
648417e68dbd81f6440c3946,668d640f57273786598fd226,648417e68dbd81f6440c3945,668d645dcbbef482287a0848,nike-air-force-1-bmw-splatter,Nike Air Force 1 BMW Splatter,Physical,,Sneakers,https://cdn.prod.website-files.com/648417e68dbd81f6440c3944/668d63c703c070e9c83ef5f0_1Wb.jpg,,€180.00,,standard-taxable,,,true,,,,,,,Choose Size,45 EU | 11 US,,,,,Tue Jul 09 2024 16:23:43 GMT+0000 (Coordinated Universal Time),Wed Mar 26 2025 17:41:38 GMT+0000 (Coordinated Universal Time),Wed Mar 26 2025 17:41:44 GMT+0000 (Coordinated Universal Time)
648417e68dbd81f6440c3946,668d640f57273786598fd226,648417e68dbd81f6440c3945,668d645d225dce935944bea2,nike-air-force-1-bmw-splatter,Nike Air Force 1 BMW Splatter,Physical,,Sneakers,https://cdn.prod.website-files.com/648417e68dbd81f6440c3944/668d63c703c070e9c83ef5f0_1Wb.jpg,,€180.00,,standard-taxable,,,true,,,,,,,Choose Size,42 EU | 8.5 US,,,,,Tue Jul 09 2024 16:23:43 GMT+0000 (Coordinated Universal Time),Wed Mar 26 2025 17:41:38 GMT+0000 (Coordinated Universal Time),Wed Mar 26 2025 17:41:44 GMT+0000 (Coordinated Universal Time)
648417e68dbd81f6440c3946,668d640f57273786598fd226,648417e68dbd81f6440c3945,668d645dbd85c522cdf32747,nike-air-force-1-bmw-splatter,Nike Air Force 1 BMW Splatter,Physical,,Sneakers,https://cdn.prod.website-files.com/648417e68dbd81f6440c3944/668d63c703c070e9c83ef5f0_1Wb.jpg,,€180.00,,standard-taxable,,,true,,,,,,,Choose Size,46 EU | 12 US,,,,,Tue Jul 09 2024 16:23:43 GMT+0000 (Coordinated Universal Time),Wed Mar 26 2025 17:41:38 GMT+0000 (Coordinated Universal Time),Wed Mar 26 2025 17:41:44 GMT+0000 (Coordinated Universal Time)
648417e68dbd81f6440c3946,668d640f57273786598fd226,648417e68dbd81f6440c3945,668d645d5c9e51043771fc71,nike-air-force-1-bmw-splatter,Nike Air Force 1 BMW Splatter,Physical,,Sneakers,https://cdn.prod.website-files.com/648417e68dbd81f6440c3944/668d63c703c070e9c83ef5f0_1Wb.jpg,,€180.00,,standard-taxable,,,true,,,,,,,Choose Size,43 EU | 9.5 US,,,,,Tue Jul 09 2024 16:23:43 GMT+0000 (Coordinated Universal Time),Wed Mar 26 2025 17:41:38 GMT+0000 (Coordinated Universal Time),Wed Mar 26 2025 17:41:44 GMT+0000 (Coordinated Universal Time)
648417e68dbd81f6440c3946,668d640f57273786598fd226,648417e68dbd81f6440c3945,668d645d38ed26b0afc5cec3,nike-air-force-1-bmw-splatter,Nike Air Force 1 BMW Splatter,Physical,,Sneakers,https://cdn.prod.website-files.com/648417e68dbd81f6440c3944/668d63c703c070e9c83ef5f0_1Wb.jpg,,€180.00,,standard-taxable,,,true,,,,,,,Choose Size,39 EU | 6.5 US,,,,,Tue Jul 09 2024 16:23:43 GMT+0000 (Coordinated Universal Time),Wed Mar 26 2025 17:41:38 GMT+0000 (Coordinated Universal Time),Wed Mar 26 2025 17:41:44 GMT+0000 (Coordinated Universal Time)
648417e68dbd81f6440c3946,668d640f57273786598fd226,648417e68dbd81f6440c3945,668d645d634d844a4e9c4900,nike-air-force-1-bmw-splatter,Nike Air Force 1 BMW Splatter,Physical,,Sneakers,https://cdn.prod.website-files.com/648417e68dbd81f6440c3944/668d63c703c070e9c83ef5f0_1Wb.jpg,,€180.00,,standard-taxable,,,true,,,,,,,Choose Size,38 EU | 5.5 US,,,,,Tue Jul 09 2024 16:23:43 GMT+0000 (Coordinated Universal Time),Wed Mar 26 2025 17:41:38 GMT+0000 (Coordinated Universal Time),Wed Mar 26 2025 17:41:44 GMT+0000 (Coordinated Universal Time)
648417e68dbd81f6440c3946,668d640f57273786598fd226,648417e68dbd81f6440c3945,668d645d57273786598ff954,nike-air-force-1-bmw-splatter,Nike Air Force 1 BMW Splatter,Physical,,Sneakers,https://cdn.prod.website-files.com/648417e68dbd81f6440c3944/668d63c703c070e9c83ef5f0_1Wb.jpg,,€180.00,,standard-taxable,,,true,,,,,,,Choose Size,40 EU | 7 US,,,,,Tue Jul 09 2024 16:23:43 GMT+0000 (Coordinated Universal Time),Wed Mar 26 2025 17:41:38 GMT+0000 (Coordinated Universal Time),Wed Mar 26 2025 17:41:44 GMT+0000 (Coordinated Universal Time)
648417e68dbd81f6440c3946,668d640f57273786598fd226,648417e68dbd81f6440c3945,668d645d6b85e77b0f8c4ec7,nike-air-force-1-bmw-splatter,Nike Air Force 1 BMW Splatter,Physical,,Sneakers,https://cdn.prod.website-files.com/648417e68dbd81f6440c3944/668d63c703c070e9c83ef5f0_1Wb.jpg,,€180.00,,standard-taxable,,,true,,,,,,,Choose Size,44 EU | 10 US,,,,,Tue Jul 09 2024 16:23:43 GMT+0000 (Coordinated Universal Time),Wed Mar 26 2025 17:41:38 GMT+0000 (Coordinated Universal Time),Wed Mar 26 2025 17:41:44 GMT+0000 (Coordinated Universal Time)
648417e68dbd81f6440c3946,668d640f57273786598fd226,648417e68dbd81f6440c3945,668d645d42452cfe2963571a,nike-air-force-1-bmw-splatter,Nike Air Force 1 BMW Splatter,Physical,,Sneakers,https://cdn.prod.website-files.com/648417e68dbd81f6440c3944/668d63c703c070e9c83ef5f0_1Wb.jpg,,€180.00,,standard-taxable,,,true,,,,,,,Choose Size,41 EU | 8 US,,,,,Tue Jul 09 2024 16:23:43 GMT+0000 (Coordinated Universal Time),Wed Mar 26 2025 17:41:38 GMT+0000 (Coordinated Universal Time),Wed Mar 26 2025 17:41:44 GMT+0000 (Coordinated Universal Time)
648417e68dbd81f6440c3946,668d640f57273786598fd226,648417e68dbd81f6440c3945,668d645d6eb959b4e5e5277b,nike-air-force-1-bmw-splatter,Nike Air Force 1 BMW Splatter,Physical,,Sneakers,https://cdn.prod.website-files.com/648417e68dbd81f6440c3944/668d63c703c070e9c83ef5f0_1Wb.jpg,,€180.00,,standard-taxable,,,true,,,,,,,Choose Size,37 EU | 5 US,,,,,Tue Jul 09 2024 16:23:43 GMT+0000 (Coordinated Universal Time),Wed Mar 26 2025 17:41:38 GMT+0000 (Coordinated Universal Time),Wed Mar 26 2025 17:41:44 GMT+0000 (Coordinated Universal Time)
648417e68dbd81f6440c3946,668d640f57273786598fd226,648417e68dbd81f6440c3945,668d641065821345dbd1436f,nike-air-force-1-bmw-splatter,Nike Air Force 1 BMW Splatter,Physical,,Sneakers,https://cdn.prod.website-files.com/648417e68dbd81f6440c3944/668d63c703c070e9c83ef5f0_1Wb.jpg,,€180.00,,standard-taxable,,,true,,,,,,,Choose Size,36 EU | 4 US,,,,,Tue Jul 09 2024 16:23:43 GMT+0000 (Coordinated Universal Time),Wed Mar 26 2025 17:41:38 GMT+0000 (Coordinated Universal Time),Wed Mar 26 2025 17:41:44 GMT+0000 (Coordinated Universal Time)
648417e68dbd81f6440c3946,66ffd866a7bfc02a8db71063,648417e68dbd81f6440c3945,66ffd86889dce2b424af9d04,nike-air-force-1-travis-scott,Nike Air Force 1 Travis Scott,Physical,,Sneakers,https://cdn.prod.website-files.com/648417e68dbd81f6440c3944/66ffd75def310643e7509ac6_Main.jpg,,€250.00,,standard-taxable,,,true,,,,,,,Choose size,39 EU | 6.5 US,,,,,Fri Oct 04 2024 11:58:30 GMT+0000 (Coordinated Universal Time),Wed Mar 26 2025 17:41:37 GMT+0000 (Coordinated Universal Time),Wed Mar 26 2025 17:41:44 GMT+0000 (Coordinated Universal Time)
648417e68dbd81f6440c3946,66ffd866a7bfc02a8db71063,648417e68dbd81f6440c3945,66ffd86889dce2b424af9c5b,nike-air-force-1-travis-scott,Nike Air Force 1 Travis Scott,Physical,,Sneakers,https://cdn.prod.website-files.com/648417e68dbd81f6440c3944/66ffd75def310643e7509ac6_Main.jpg,,€250.00,,standard-taxable,,,true,,,,,,,Choose size,45 EU | 11 US,,,,,Fri Oct 04 2024 11:58:30 GMT+0000 (Coordinated Universal Time),Wed Mar 26 2025 17:41:37 GMT+0000 (Coordinated Universal Time),Wed Mar 26 2025 17:41:44 GMT+0000 (Coordinated Universal Time)
648417e68dbd81f6440c3946,66ffd866a7bfc02a8db71063,648417e68dbd81f6440c3945,66ffd86889dce2b424af9c59,nike-air-force-1-travis-scott,Nike Air Force 1 Travis Scott,Physical,,Sneakers,https://cdn.prod.website-files.com/648417e68dbd81f6440c3944/66ffd75def310643e7509ac6_Main.jpg,,€250.00,,standard-taxable,,,true,,,,,,,Choose size,43 EU | 9.5 US,,,,,Fri Oct 04 2024 11:58:30 GMT+0000 (Coordinated Universal Time),Wed Mar 26 2025 17:41:37 GMT+0000 (Coordinated Universal Time),Wed Mar 26 2025 17:41:44 GMT+0000 (Coordinated Universal Time)
648417e68dbd81f6440c3946,66ffd866a7bfc02a8db71063,648417e68dbd81f6440c3945,66ffd86789dce2b424af9bf6,nike-air-force-1-travis-scott,Nike Air Force 1 Travis Scott,Physical,,Sneakers,https://cdn.prod.website-files.com/648417e68dbd81f6440c3944/66ffd75def310643e7509ac6_Main.jpg,,€250.00,,standard-taxable,,,true,,,,,,,Choose size,46 EU | 12 US,,,,,Fri Oct 04 2024 11:58:30 GMT+0000 (Coordinated Universal Time),Wed Mar 26 2025 17:41:37 GMT+0000 (Coordinated Universal Time),Wed Mar 26 2025 17:41:44 GMT+0000 (Coordinated Universal Time)
648417e68dbd81f6440c3946,66ffd866a7bfc02a8db71063,648417e68dbd81f6440c3945,66ffd86789dce2b424af9bf4,nike-air-force-1-travis-scott,Nike Air Force 1 Travis Scott,Physical,,Sneakers,https://cdn.prod.website-files.com/648417e68dbd81f6440c3944/66ffd75def310643e7509ac6_Main.jpg,,€250.00,,standard-taxable,,,true,,,,,,,Choose size,41 EU | 8 US,,,,,Fri Oct 04 2024 11:58:30 GMT+0000 (Coordinated Universal Time),Wed Mar 26 2025 17:41:37 GMT+0000 (Coordinated Universal Time),Wed Mar 26 2025 17:41:44 GMT+0000 (Coordinated Universal Time)
648417e68dbd81f6440c3946,66ffd866a7bfc02a8db71063,648417e68dbd81f6440c3945,66ffd86789dce2b424af9bc2,nike-air-force-1-travis-scott,Nike Air Force 1 Travis Scott,Physical,,Sneakers,https://cdn.prod.website-files.com/648417e68dbd81f6440c3944/66ffd75def310643e7509ac6_Main.jpg,,€250.00,,standard-taxable,,,true,,,,,,,Choose size,42 EU | 8.5 US,,,,,Fri Oct 04 2024 11:58:30 GMT+0000 (Coordinated Universal Time),Wed Mar 26 2025 17:41:37 GMT+0000 (Coordinated Universal Time),Wed Mar 26 2025 17:41:44 GMT+0000 (Coordinated Universal Time)
648417e68dbd81f6440c3946,66ffd866a7bfc02a8db71063,648417e68dbd81f6440c3945,66ffd86789dce2b424af9b03,nike-air-force-1-travis-scott,Nike Air Force 1 Travis Scott,Physical,,Sneakers,https://cdn.prod.website-files.com/648417e68dbd81f6440c3944/66ffd75def310643e7509ac6_Main.jpg,,€250.00,,standard-taxable,,,true,,,,,,,Choose size,36 EU | 4 US,,,,,Fri Oct 04 2024 11:58:30 GMT+0000 (Coordinated Universal Time),Wed Mar 26 2025 17:41:37 GMT+0000 (Coordinated Universal Time),Wed Mar 26 2025 17:41:44 GMT+0000 (Coordinated Universal Time)
648417e68dbd81f6440c3946,66ffd866a7bfc02a8db71063,648417e68dbd81f6440c3945,66ffd86789dce2b424af9aff,nike-air-force-1-travis-scott,Nike Air Force 1 Travis Scott,Physical,,Sneakers,https://cdn.prod.website-files.com/648417e68dbd81f6440c3944/66ffd75def310643e7509ac6_Main.jpg,,€250.00,,standard-taxable,,,true,,,,,,,Choose size,44 EU | 10 US,,,,,Fri Oct 04 2024 11:58:30 GMT+0000 (Coordinated Universal Time),Wed Mar 26 2025 17:41:37 GMT+0000 (Coordinated Universal Time),Wed Mar 26 2025 17:41:44 GMT+0000 (Coordinated Universal Time)
648417e68dbd81f6440c3946,66ffd866a7bfc02a8db71063,648417e68dbd81f6440c3945,66ffd86789dce2b424af9afd,nike-air-force-1-travis-scott,Nike Air Force 1 Travis Scott,Physical,,Sneakers,https://cdn.prod.website-files.com/648417e68dbd81f6440c3944/66ffd75def310643e7509ac6_Main.jpg,,€250.00,,standard-taxable,,,true,,,,,,,Choose size,38 EU | 5.5 US,,,,,Fri Oct 04 2024 11:58:30 GMT+0000 (Coordinated Universal Time),Wed Mar 26 2025 17:41:37 GMT+0000 (Coordinated Universal Time),Wed Mar 26 2025 17:41:44 GMT+0000 (Coordinated Universal Time)
648417e68dbd81f6440c3946,66ffd866a7bfc02a8db71063,648417e68dbd81f6440c3945,66ffd86789dce2b424af9afa,nike-air-force-1-travis-scott,Nike Air Force 1 Travis Scott,Physical,,Sneakers,https://cdn.prod.website-files.com/648417e68dbd81f6440c3944/66ffd75def310643e7509ac6_Main.jpg,,€250.00,,standard-taxable,,,true,,,,,,,Choose size,40 EU | 7 US,,,,,Fri Oct 04 2024 11:58:30 GMT+0000 (Coordinated Universal Time),Wed Mar 26 2025 17:41:37 GMT+0000 (Coordinated Universal Time),Wed Mar 26 2025 17:41:44 GMT+0000 (Coordinated Universal Time)
648417e68dbd81f6440c3946,66ffd866a7bfc02a8db71063,648417e68dbd81f6440c3945,66ffd86789dce2b424af9af8,nike-air-force-1-travis-scott,Nike Air Force 1 Travis Scott,Physical,,Sneakers,https://cdn.prod.website-files.com/648417e68dbd81f6440c3944/66ffd75def310643e7509ac6_Main.jpg,,€250.00,,standard-taxable,,,true,,,,,,,Choose size,37 EU | 5 US,,,,,Fri Oct 04 2024 11:58:30 GMT+0000 (Coordinated Universal Time),Wed Mar 26 2025 17:41:37 GMT+0000 (Coordinated Universal Time),Wed Mar 26 2025 17:41:44 GMT+0000 (Coordinated Universal Time)
648417e68dbd81f6440c3946,677310e8c88b5b4c144d63da,648417e68dbd81f6440c3945,677310ec1566e8a9c0ee7b0b,golf-gti-clubsport---nike-air-force-1,Golf GTI Clubsport - Nike Air Force 1 ,Physical,,Sneakers,https://cdn.prod.website-files.com/648417e68dbd81f6440c3944/67730e51461347659c9e620f_Main.jpg,,€210.00,,standard-taxable,,,true,,,,,,,Choose size,45.5 EU | 11.5 US,,,,,Mon Dec 30 2024 21:30:16 GMT+0000 (Coordinated Universal Time),Wed Mar 26 2025 17:41:38 GMT+0000 (Coordinated Universal Time),Wed Mar 26 2025 17:41:44 GMT+0000 (Coordinated Universal Time)
648417e68dbd81f6440c3946,677310e8c88b5b4c144d63da,648417e68dbd81f6440c3945,677310eb1566e8a9c0ee7a84,golf-gti-clubsport---nike-air-force-1,Golf GTI Clubsport - Nike Air Force 1 ,Physical,,Sneakers,https://cdn.prod.website-files.com/648417e68dbd81f6440c3944/67730e51461347659c9e620f_Main.jpg,,€210.00,,standard-taxable,,,true,,,,,,,Choose size,43 EU   | 9.5 US,,,,,Mon Dec 30 2024 21:30:16 GMT+0000 (Coordinated Universal Time),Wed Mar 26 2025 17:41:38 GMT+0000 (Coordinated Universal Time),Wed Mar 26 2025 17:41:44 GMT+0000 (Coordinated Universal Time)
648417e68dbd81f6440c3946,677310e8c88b5b4c144d63da,648417e68dbd81f6440c3945,677310eb1566e8a9c0ee7a76,golf-gti-clubsport---nike-air-force-1,Golf GTI Clubsport - Nike Air Force 1 ,Physical,,Sneakers,https://cdn.prod.website-files.com/648417e68dbd81f6440c3944/67730e51461347659c9e620f_Main.jpg,,€210.00,,standard-taxable,,,true,,,,,,,Choose size,46 EU   | 12 US,,,,,Mon Dec 30 2024 21:30:16 GMT+0000 (Coordinated Universal Time),Wed Mar 26 2025 17:41:38 GMT+0000 (Coordinated Universal Time),Wed Mar 26 2025 17:41:44 GMT+0000 (Coordinated Universal Time)
648417e68dbd81f6440c3946,677310e8c88b5b4c144d63da,648417e68dbd81f6440c3945,677310eb1566e8a9c0ee7a62,golf-gti-clubsport---nike-air-force-1,Golf GTI Clubsport - Nike Air Force 1 ,Physical,,Sneakers,https://cdn.prod.website-files.com/648417e68dbd81f6440c3944/67730e51461347659c9e620f_Main.jpg,,€210.00,,standard-taxable,,,true,,,,,,,Choose size,42 EU   | 8.5 US,,,,,Mon Dec 30 2024 21:30:16 GMT+0000 (Coordinated Universal Time),Wed Mar 26 2025 17:41:38 GMT+0000 (Coordinated Universal Time),Wed Mar 26 2025 17:41:44 GMT+0000 (Coordinated Universal Time)
648417e68dbd81f6440c3946,677310e8c88b5b4c144d63da,648417e68dbd81f6440c3945,677310eb1566e8a9c0ee7a60,golf-gti-clubsport---nike-air-force-1,Golf GTI Clubsport - Nike Air Force 1 ,Physical,,Sneakers,https://cdn.prod.website-files.com/648417e68dbd81f6440c3944/67730e51461347659c9e620f_Main.jpg,,€210.00,,standard-taxable,,,true,,,,,,,Choose size,45 EU   | 11 US,,,,,Mon Dec 30 2024 21:30:16 GMT+0000 (Coordinated Universal Time),Wed Mar 26 2025 17:41:38 GMT+0000 (Coordinated Universal Time),Wed Mar 26 2025 17:41:44 GMT+0000 (Coordinated Universal Time)
648417e68dbd81f6440c3946,677310e8c88b5b4c144d63da,648417e68dbd81f6440c3945,677310eb1566e8a9c0ee7a1e,golf-gti-clubsport---nike-air-force-1,Golf GTI Clubsport - Nike Air Force 1 ,Physical,,Sneakers,https://cdn.prod.website-files.com/648417e68dbd81f6440c3944/67730e51461347659c9e620f_Main.jpg,,€210.00,,standard-taxable,,,true,,,,,,,Choose size,36.5 EU | 6 US,,,,,Mon Dec 30 2024 21:30:16 GMT+0000 (Coordinated Universal Time),Wed Mar 26 2025 17:41:38 GMT+0000 (Coordinated Universal Time),Wed Mar 26 2025 17:41:44 GMT+0000 (Coordinated Universal Time)
648417e68dbd81f6440c3946,677310e8c88b5b4c144d63da,648417e68dbd81f6440c3945,677310ea1566e8a9c0ee79a9,golf-gti-clubsport---nike-air-force-1,Golf GTI Clubsport - Nike Air Force 1 ,Physical,,Sneakers,https://cdn.prod.website-files.com/648417e68dbd81f6440c3944/67730e51461347659c9e620f_Main.jpg,,€210.00,,standard-taxable,,,true,,,,,,,Choose size,41 EU   | 8 US,,,,,Mon Dec 30 2024 21:30:16 GMT+0000 (Coordinated Universal Time),Wed Mar 26 2025 17:41:38 GMT+0000 (Coordinated Universal Time),Wed Mar 26 2025 17:41:44 GMT+0000 (Coordinated Universal Time)
648417e68dbd81f6440c3946,677310e8c88b5b4c144d63da,648417e68dbd81f6440c3945,677310ea1566e8a9c0ee799c,golf-gti-clubsport---nike-air-force-1,Golf GTI Clubsport - Nike Air Force 1 ,Physical,,Sneakers,https://cdn.prod.website-files.com/648417e68dbd81f6440c3944/67730e51461347659c9e620f_Main.jpg,,€210.00,,standard-taxable,,,true,,,,,,,Choose size,38.5 EU | 7.5 US,,,,,Mon Dec 30 2024 21:30:16 GMT+0000 (Coordinated Universal Time),Wed Mar 26 2025 17:41:38 GMT+0000 (Coordinated Universal Time),Wed Mar 26 2025 17:41:44 GMT+0000 (Coordinated Universal Time)
648417e68dbd81f6440c3946,677310e8c88b5b4c144d63da,648417e68dbd81f6440c3945,677310ea1566e8a9c0ee798d,golf-gti-clubsport---nike-air-force-1,Golf GTI Clubsport - Nike Air Force 1 ,Physical,,Sneakers,https://cdn.prod.website-files.com/648417e68dbd81f6440c3944/67730e51461347659c9e620f_Main.jpg,,€210.00,,standard-taxable,,,true,,,,,,,Choose size,39 EU   | 8 US,,,,,Mon Dec 30 2024 21:30:16 GMT+0000 (Coordinated Universal Time),Wed Mar 26 2025 17:41:38 GMT+0000 (Coordinated Universal Time),Wed Mar 26 2025 17:41:44 GMT+0000 (Coordinated Universal Time)
648417e68dbd81f6440c3946,677310e8c88b5b4c144d63da,648417e68dbd81f6440c3945,677310ea1566e8a9c0ee7984,golf-gti-clubsport---nike-air-force-1,Golf GTI Clubsport - Nike Air Force 1 ,Physical,,Sneakers,https://cdn.prod.website-files.com/648417e68dbd81f6440c3944/67730e51461347659c9e620f_Main.jpg,,€210.00,,standard-taxable,,,true,,,,,,,Choose size,38 EU   | 7 US,,,,,Mon Dec 30 2024 21:30:16 GMT+0000 (Coordinated Universal Time),Wed Mar 26 2025 17:41:38 GMT+0000 (Coordinated Universal Time),Wed Mar 26 2025 17:41:44 GMT+0000 (Coordinated Universal Time)
648417e68dbd81f6440c3946,677310e8c88b5b4c144d63da,648417e68dbd81f6440c3945,677310ea1566e8a9c0ee7970,golf-gti-clubsport---nike-air-force-1,Golf GTI Clubsport - Nike Air Force 1 ,Physical,,Sneakers,https://cdn.prod.website-files.com/648417e68dbd81f6440c3944/67730e51461347659c9e620f_Main.jpg,,€210.00,,standard-taxable,,,true,,,,,,,Choose size,36 EU   | 5.5 US,,,,,Mon Dec 30 2024 21:30:16 GMT+0000 (Coordinated Universal Time),Wed Mar 26 2025 17:41:38 GMT+0000 (Coordinated Universal Time),Wed Mar 26 2025 17:41:44 GMT+0000 (Coordinated Universal Time)
648417e68dbd81f6440c3946,677310e8c88b5b4c144d63da,648417e68dbd81f6440c3945,677310e91566e8a9c0ee787f,golf-gti-clubsport---nike-air-force-1,Golf GTI Clubsport - Nike Air Force 1 ,Physical,,Sneakers,https://cdn.prod.website-files.com/648417e68dbd81f6440c3944/67730e51461347659c9e620f_Main.jpg,,€210.00,,standard-taxable,,,true,,,,,,,Choose size,44.5 EU | 10.5 US,,,,,Mon Dec 30 2024 21:30:16 GMT+0000 (Coordinated Universal Time),Wed Mar 26 2025 17:41:38 GMT+0000 (Coordinated Universal Time),Wed Mar 26 2025 17:41:44 GMT+0000 (Coordinated Universal Time)
648417e68dbd81f6440c3946,677310e8c88b5b4c144d63da,648417e68dbd81f6440c3945,677310e91566e8a9c0ee7875,golf-gti-clubsport---nike-air-force-1,Golf GTI Clubsport - Nike Air Force 1 ,Physical,,Sneakers,https://cdn.prod.website-files.com/648417e68dbd81f6440c3944/67730e51461347659c9e620f_Main.jpg,,€210.00,,standard-taxable,,,true,,,,,,,Choose size,42.5 EU | 9 US,,,,,Mon Dec 30 2024 21:30:16 GMT+0000 (Coordinated Universal Time),Wed Mar 26 2025 17:41:38 GMT+0000 (Coordinated Universal Time),Wed Mar 26 2025 17:41:44 GMT+0000 (Coordinated Universal Time)
648417e68dbd81f6440c3946,677310e8c88b5b4c144d63da,648417e68dbd81f6440c3945,677310e91566e8a9c0ee7873,golf-gti-clubsport---nike-air-force-1,Golf GTI Clubsport - Nike Air Force 1 ,Physical,,Sneakers,https://cdn.prod.website-files.com/648417e68dbd81f6440c3944/67730e51461347659c9e620f_Main.jpg,,€210.00,,standard-taxable,,,true,,,,,,,Choose size,44 EU   | 10 US,,,,,Mon Dec 30 2024 21:30:16 GMT+0000 (Coordinated Universal Time),Wed Mar 26 2025 17:41:38 GMT+0000 (Coordinated Universal Time),Wed Mar 26 2025 17:41:44 GMT+0000 (Coordinated Universal Time)
648417e68dbd81f6440c3946,677310e8c88b5b4c144d63da,648417e68dbd81f6440c3945,677310e91566e8a9c0ee7871,golf-gti-clubsport---nike-air-force-1,Golf GTI Clubsport - Nike Air Force 1 ,Physical,,Sneakers,https://cdn.prod.website-files.com/648417e68dbd81f6440c3944/67730e51461347659c9e620f_Main.jpg,,€210.00,,standard-taxable,,,true,,,,,,,Choose size,40 EU   | 7.5 US,,,,,Mon Dec 30 2024 21:30:16 GMT+0000 (Coordinated Universal Time),Wed Mar 26 2025 17:41:38 GMT+0000 (Coordinated Universal Time),Wed Mar 26 2025 17:41:44 GMT+0000 (Coordinated Universal Time)
648417e68dbd81f6440c3946,677310e8c88b5b4c144d63da,648417e68dbd81f6440c3945,677310e91566e8a9c0ee786f,golf-gti-clubsport---nike-air-force-1,Golf GTI Clubsport - Nike Air Force 1 ,Physical,,Sneakers,https://cdn.prod.website-files.com/648417e68dbd81f6440c3944/67730e51461347659c9e620f_Main.jpg,,€210.00,,standard-taxable,,,true,,,,,,,Choose size,37.5 EU | 6.5 US,,,,,Mon Dec 30 2024 21:30:16 GMT+0000 (Coordinated Universal Time),Wed Mar 26 2025 17:41:38 GMT+0000 (Coordinated Universal Time),Wed Mar 26 2025 17:41:44 GMT+0000 (Coordinated Universal Time)
648417e68dbd81f6440c3946,67a483272e4b26ec2316dd6c,648417e68dbd81f6440c3945,67a4832bf2a984f28b1b95bf,trapstar-x-central-cee-nike-air-force-1,Trapstar x Central Cee Nike Air Force 1,Physical,,Sneakers,https://cdn.prod.website-files.com/648417e68dbd81f6440c3944/67a476b9dec81b3da58370f5_MainWb.jpg,,€190.00,,standard-taxable,,,true,,,,,,,Choose size,46 EU   | 12 US,,,,,Thu Feb 06 2025 09:38:47 GMT+0000 (Coordinated Universal Time),Wed Mar 26 2025 17:41:38 GMT+0000 (Coordinated Universal Time),Wed Mar 26 2025 17:41:44 GMT+0000 (Coordinated Universal Time)
648417e68dbd81f6440c3946,67a483272e4b26ec2316dd6c,648417e68dbd81f6440c3945,67a4832af2a984f28b1b94ac,trapstar-x-central-cee-nike-air-force-1,Trapstar x Central Cee Nike Air Force 1,Physical,,Sneakers,https://cdn.prod.website-files.com/648417e68dbd81f6440c3944/67a476b9dec81b3da58370f5_MainWb.jpg,,€190.00,,standard-taxable,,,true,,,,,,,Choose size,44 EU   | 10 US,,,,,Thu Feb 06 2025 09:38:47 GMT+0000 (Coordinated Universal Time),Wed Mar 26 2025 17:41:38 GMT+0000 (Coordinated Universal Time),Wed Mar 26 2025 17:41:44 GMT+0000 (Coordinated Universal Time)
648417e68dbd81f6440c3946,67a483272e4b26ec2316dd6c,648417e68dbd81f6440c3945,67a4832af2a984f28b1b949b,trapstar-x-central-cee-nike-air-force-1,Trapstar x Central Cee Nike Air Force 1,Physical,,Sneakers,https://cdn.prod.website-files.com/648417e68dbd81f6440c3944/67a476b9dec81b3da58370f5_MainWb.jpg,,€190.00,,standard-taxable,,,true,,,,,,,Choose size,43 EU   | 9.5 US,,,,,Thu Feb 06 2025 09:38:47 GMT+0000 (Coordinated Universal Time),Wed Mar 26 2025 17:41:38 GMT+0000 (Coordinated Universal Time),Wed Mar 26 2025 17:41:44 GMT+0000 (Coordinated Universal Time)
648417e68dbd81f6440c3946,67a483272e4b26ec2316dd6c,648417e68dbd81f6440c3945,67a4832af2a984f28b1b9485,trapstar-x-central-cee-nike-air-force-1,Trapstar x Central Cee Nike Air Force 1,Physical,,Sneakers,https://cdn.prod.website-files.com/648417e68dbd81f6440c3944/67a476b9dec81b3da58370f5_MainWb.jpg,,€190.00,,standard-taxable,,,true,,,,,,,Choose size,38.5 EU | 7.5 US,,,,,Thu Feb 06 2025 09:38:47 GMT+0000 (Coordinated Universal Time),Wed Mar 26 2025 17:41:38 GMT+0000 (Coordinated Universal Time),Wed Mar 26 2025 17:41:44 GMT+0000 (Coordinated Universal Time)
648417e68dbd81f6440c3946,67a483272e4b26ec2316dd6c,648417e68dbd81f6440c3945,67a4832af2a984f28b1b947a,trapstar-x-central-cee-nike-air-force-1,Trapstar x Central Cee Nike Air Force 1,Physical,,Sneakers,https://cdn.prod.website-files.com/648417e68dbd81f6440c3944/67a476b9dec81b3da58370f5_MainWb.jpg,,€190.00,,standard-taxable,,,true,,,,,,,Choose size,37.5 EU | 6.5 US,,,,,Thu Feb 06 2025 09:38:47 GMT+0000 (Coordinated Universal Time),Wed Mar 26 2025 17:41:38 GMT+0000 (Coordinated Universal Time),Wed Mar 26 2025 17:41:44 GMT+0000 (Coordinated Universal Time)
648417e68dbd81f6440c3946,67a483272e4b26ec2316dd6c,648417e68dbd81f6440c3945,67a4832af2a984f28b1b944f,trapstar-x-central-cee-nike-air-force-1,Trapstar x Central Cee Nike Air Force 1,Physical,,Sneakers,https://cdn.prod.website-files.com/648417e68dbd81f6440c3944/67a476b9dec81b3da58370f5_MainWb.jpg,,€190.00,,standard-taxable,,,true,,,,,,,Choose size,36.5 EU | 6 US,,,,,Thu Feb 06 2025 09:38:47 GMT+0000 (Coordinated Universal Time),Wed Mar 26 2025 17:41:38 GMT+0000 (Coordinated Universal Time),Wed Mar 26 2025 17:41:44 GMT+0000 (Coordinated Universal Time)
648417e68dbd81f6440c3946,67a483272e4b26ec2316dd6c,648417e68dbd81f6440c3945,67a48329f2a984f28b1b938f,trapstar-x-central-cee-nike-air-force-1,Trapstar x Central Cee Nike Air Force 1,Physical,,Sneakers,https://cdn.prod.website-files.com/648417e68dbd81f6440c3944/67a476b9dec81b3da58370f5_MainWb.jpg,,€190.00,,standard-taxable,,,true,,,,,,,Choose size,40 EU   | 7.5 US,,,,,Thu Feb 06 2025 09:38:47 GMT+0000 (Coordinated Universal Time),Wed Mar 26 2025 17:41:38 GMT+0000 (Coordinated Universal Time),Wed Mar 26 2025 17:41:44 GMT+0000 (Coordinated Universal Time)
648417e68dbd81f6440c3946,67a483272e4b26ec2316dd6c,648417e68dbd81f6440c3945,67a48329f2a984f28b1b9377,trapstar-x-central-cee-nike-air-force-1,Trapstar x Central Cee Nike Air Force 1,Physical,,Sneakers,https://cdn.prod.website-files.com/648417e68dbd81f6440c3944/67a476b9dec81b3da58370f5_MainWb.jpg,,€190.00,,standard-taxable,,,true,,,,,,,Choose size,44.5 EU | 10.5 US,,,,,Thu Feb 06 2025 09:38:47 GMT+0000 (Coordinated Universal Time),Wed Mar 26 2025 17:41:38 GMT+0000 (Coordinated Universal Time),Wed Mar 26 2025 17:41:44 GMT+0000 (Coordinated Universal Time)
648417e68dbd81f6440c3946,67a483272e4b26ec2316dd6c,648417e68dbd81f6440c3945,67a48329f2a984f28b1b9369,trapstar-x-central-cee-nike-air-force-1,Trapstar x Central Cee Nike Air Force 1,Physical,,Sneakers,https://cdn.prod.website-files.com/648417e68dbd81f6440c3944/67a476b9dec81b3da58370f5_MainWb.jpg,,€190.00,,standard-taxable,,,true,,,,,,,Choose size,36 EU   | 5.5 US,,,,,Thu Feb 06 2025 09:38:47 GMT+0000 (Coordinated Universal Time),Wed Mar 26 2025 17:41:38 GMT+0000 (Coordinated Universal Time),Wed Mar 26 2025 17:41:44 GMT+0000 (Coordinated Universal Time)
648417e68dbd81f6440c3946,67a483272e4b26ec2316dd6c,648417e68dbd81f6440c3945,67a48329f2a984f28b1b9357,trapstar-x-central-cee-nike-air-force-1,Trapstar x Central Cee Nike Air Force 1,Physical,,Sneakers,https://cdn.prod.website-files.com/648417e68dbd81f6440c3944/67a476b9dec81b3da58370f5_MainWb.jpg,,€190.00,,standard-taxable,,,true,,,,,,,Choose size,42 EU   | 8.5 US,,,,,Thu Feb 06 2025 09:38:47 GMT+0000 (Coordinated Universal Time),Wed Mar 26 2025 17:41:38 GMT+0000 (Coordinated Universal Time),Wed Mar 26 2025 17:41:44 GMT+0000 (Coordinated Universal Time)
648417e68dbd81f6440c3946,67a483272e4b26ec2316dd6c,648417e68dbd81f6440c3945,67a48329f2a984f28b1b934d,trapstar-x-central-cee-nike-air-force-1,Trapstar x Central Cee Nike Air Force 1,Physical,,Sneakers,https://cdn.prod.website-files.com/648417e68dbd81f6440c3944/67a476b9dec81b3da58370f5_MainWb.jpg,,€190.00,,standard-taxable,,,true,,,,,,,Choose size,45 EU   | 11 US,,,,,Thu Feb 06 2025 09:38:47 GMT+0000 (Coordinated Universal Time),Wed Mar 26 2025 17:41:38 GMT+0000 (Coordinated Universal Time),Wed Mar 26 2025 17:41:44 GMT+0000 (Coordinated Universal Time)
648417e68dbd81f6440c3946,67a483272e4b26ec2316dd6c,648417e68dbd81f6440c3945,67a48328f2a984f28b1b8f58,trapstar-x-central-cee-nike-air-force-1,Trapstar x Central Cee Nike Air Force 1,Physical,,Sneakers,https://cdn.prod.website-files.com/648417e68dbd81f6440c3944/67a476b9dec81b3da58370f5_MainWb.jpg,,€190.00,,standard-taxable,,,true,,,,,,,Choose size,42.5 EU | 9 US,,,,,Thu Feb 06 2025 09:38:47 GMT+0000 (Coordinated Universal Time),Wed Mar 26 2025 17:41:38 GMT+0000 (Coordinated Universal Time),Wed Mar 26 2025 17:41:44 GMT+0000 (Coordinated Universal Time)
648417e68dbd81f6440c3946,67a483272e4b26ec2316dd6c,648417e68dbd81f6440c3945,67a48328f2a984f28b1b8f4f,trapstar-x-central-cee-nike-air-force-1,Trapstar x Central Cee Nike Air Force 1,Physical,,Sneakers,https://cdn.prod.website-files.com/648417e68dbd81f6440c3944/67a476b9dec81b3da58370f5_MainWb.jpg,,€190.00,,standard-taxable,,,true,,,,,,,Choose size,45.5 EU | 11.5 US,,,,,Thu Feb 06 2025 09:38:47 GMT+0000 (Coordinated Universal Time),Wed Mar 26 2025 17:41:38 GMT+0000 (Coordinated Universal Time),Wed Mar 26 2025 17:41:44 GMT+0000 (Coordinated Universal Time)
648417e68dbd81f6440c3946,67a483272e4b26ec2316dd6c,648417e68dbd81f6440c3945,67a48328f2a984f28b1b8f4d,trapstar-x-central-cee-nike-air-force-1,Trapstar x Central Cee Nike Air Force 1,Physical,,Sneakers,https://cdn.prod.website-files.com/648417e68dbd81f6440c3944/67a476b9dec81b3da58370f5_MainWb.jpg,,€190.00,,standard-taxable,,,true,,,,,,,Choose size,39 EU   | 8 US,,,,,Thu Feb 06 2025 09:38:47 GMT+0000 (Coordinated Universal Time),Wed Mar 26 2025 17:41:38 GMT+0000 (Coordinated Universal Time),Wed Mar 26 2025 17:41:44 GMT+0000 (Coordinated Universal Time)
648417e68dbd81f6440c3946,67a483272e4b26ec2316dd6c,648417e68dbd81f6440c3945,67a48328f2a984f28b1b8f4b,trapstar-x-central-cee-nike-air-force-1,Trapstar x Central Cee Nike Air Force 1,Physical,,Sneakers,https://cdn.prod.website-files.com/648417e68dbd81f6440c3944/67a476b9dec81b3da58370f5_MainWb.jpg,,€190.00,,standard-taxable,,,true,,,,,,,Choose size,41 EU   | 8 US,,,,,Thu Feb 06 2025 09:38:47 GMT+0000 (Coordinated Universal Time),Wed Mar 26 2025 17:41:38 GMT+0000 (Coordinated Universal Time),Wed Mar 26 2025 17:41:44 GMT+0000 (Coordinated Universal Time)
648417e68dbd81f6440c3946,67a483272e4b26ec2316dd6c,648417e68dbd81f6440c3945,67a48328f2a984f28b1b8f2b,trapstar-x-central-cee-nike-air-force-1,Trapstar x Central Cee Nike Air Force 1,Physical,,Sneakers,https://cdn.prod.website-files.com/648417e68dbd81f6440c3944/67a476b9dec81b3da58370f5_MainWb.jpg,,€190.00,,standard-taxable,,,true,,,,,,,Choose size,38 EU   | 7 US,,,,,Thu Feb 06 2025 09:38:47 GMT+0000 (Coordinated Universal Time),Wed Mar 26 2025 17:41:38 GMT+0000 (Coordinated Universal Time),Wed Mar 26 2025 17:41:44 GMT+0000 (Coordinated Universal Time)
648417e68dbd81f6440c3946,6802971c8fb92947977051a7,648417e68dbd81f6440c3945,680297218fb92947977056e8,nike-air-force-1-gol-gti,Nike Air Force 1 Golf GTI,Physical,"Plaid-lined, turbocharged, and built to stunt. These custom AF1s hit different—just like a Golf GTI in the left lane. Red accents pop against crisp white leather, while subtle GTI badging keeps it official. The streets aren’t ready. Lace up. Stand out. No speed limit.",Sneakers,https://cdn.prod.website-files.com/648417e68dbd81f6440c3944/680292630ef3b87c4430ec71_Main.jpg,,€180.00,,standard-taxable,,,true,,,,,,,Choose size,45 EU   | 11 US,,,,,Fri Apr 18 2025 18:17:00 GMT+0000 (Coordinated Universal Time),Fri Apr 18 2025 18:18:22 GMT+0000 (Coordinated Universal Time),Fri Apr 18 2025 18:18:22 GMT+0000 (Coordinated Universal Time)
648417e68dbd81f6440c3946,6802971c8fb92947977051a7,648417e68dbd81f6440c3945,680297218fb9294797705697,nike-air-force-1-gol-gti,Nike Air Force 1 Golf GTI,Physical,"Plaid-lined, turbocharged, and built to stunt. These custom AF1s hit different—just like a Golf GTI in the left lane. Red accents pop against crisp white leather, while subtle GTI badging keeps it official. The streets aren’t ready. Lace up. Stand out. No speed limit.",Sneakers,https://cdn.prod.website-files.com/648417e68dbd81f6440c3944/680292630ef3b87c4430ec71_Main.jpg,,€180.00,,standard-taxable,,,true,,,,,,,Choose size,41 EU   | 8 US,,,,,Fri Apr 18 2025 18:17:00 GMT+0000 (Coordinated Universal Time),Fri Apr 18 2025 18:18:22 GMT+0000 (Coordinated Universal Time),Fri Apr 18 2025 18:18:22 GMT+0000 (Coordinated Universal Time)
648417e68dbd81f6440c3946,6802971c8fb92947977051a7,648417e68dbd81f6440c3945,680297218fb929479770568d,nike-air-force-1-gol-gti,Nike Air Force 1 Golf GTI,Physical,"Plaid-lined, turbocharged, and built to stunt. These custom AF1s hit different—just like a Golf GTI in the left lane. Red accents pop against crisp white leather, while subtle GTI badging keeps it official. The streets aren’t ready. Lace up. Stand out. No speed limit.",Sneakers,https://cdn.prod.website-files.com/648417e68dbd81f6440c3944/680292630ef3b87c4430ec71_Main.jpg,,€180.00,,standard-taxable,,,true,,,,,,,Choose size,42.5 EU | 9 US,,,,,Fri Apr 18 2025 18:17:00 GMT+0000 (Coordinated Universal Time),Fri Apr 18 2025 18:18:22 GMT+0000 (Coordinated Universal Time),Fri Apr 18 2025 18:18:22 GMT+0000 (Coordinated Universal Time)
648417e68dbd81f6440c3946,6802971c8fb92947977051a7,648417e68dbd81f6440c3945,680297208fb929479770566c,nike-air-force-1-gol-gti,Nike Air Force 1 Golf GTI,Physical,"Plaid-lined, turbocharged, and built to stunt. These custom AF1s hit different—just like a Golf GTI in the left lane. Red accents pop against crisp white leather, while subtle GTI badging keeps it official. The streets aren’t ready. Lace up. Stand out. No speed limit.",Sneakers,https://cdn.prod.website-files.com/648417e68dbd81f6440c3944/680292630ef3b87c4430ec71_Main.jpg,,€180.00,,standard-taxable,,,true,,,,,,,Choose size,39 EU   | 8 US,,,,,Fri Apr 18 2025 18:17:00 GMT+0000 (Coordinated Universal Time),Fri Apr 18 2025 18:18:22 GMT+0000 (Coordinated Universal Time),Fri Apr 18 2025 18:18:22 GMT+0000 (Coordinated Universal Time)
648417e68dbd81f6440c3946,6802971c8fb92947977051a7,648417e68dbd81f6440c3945,680297208fb9294797705643,nike-air-force-1-gol-gti,Nike Air Force 1 Golf GTI,Physical,"Plaid-lined, turbocharged, and built to stunt. These custom AF1s hit different—just like a Golf GTI in the left lane. Red accents pop against crisp white leather, while subtle GTI badging keeps it official. The streets aren’t ready. Lace up. Stand out. No speed limit.",Sneakers,https://cdn.prod.website-files.com/648417e68dbd81f6440c3944/680292630ef3b87c4430ec71_Main.jpg,,€180.00,,standard-taxable,,,true,,,,,,,Choose size,36 EU   | 5.5 US,,,,,Fri Apr 18 2025 18:17:00 GMT+0000 (Coordinated Universal Time),Fri Apr 18 2025 18:18:22 GMT+0000 (Coordinated Universal Time),Fri Apr 18 2025 18:18:22 GMT+0000 (Coordinated Universal Time)
648417e68dbd81f6440c3946,6802971c8fb92947977051a7,648417e68dbd81f6440c3945,6802971f8fb9294797705441,nike-air-force-1-gol-gti,Nike Air Force 1 Golf GTI,Physical,"Plaid-lined, turbocharged, and built to stunt. These custom AF1s hit different—just like a Golf GTI in the left lane. Red accents pop against crisp white leather, while subtle GTI badging keeps it official. The streets aren’t ready. Lace up. Stand out. No speed limit.",Sneakers,https://cdn.prod.website-files.com/648417e68dbd81f6440c3944/680292630ef3b87c4430ec71_Main.jpg,,€180.00,,standard-taxable,,,true,,,,,,,Choose size,45.5 EU | 11.5 US,,,,,Fri Apr 18 2025 18:17:00 GMT+0000 (Coordinated Universal Time),Fri Apr 18 2025 18:18:22 GMT+0000 (Coordinated Universal Time),Fri Apr 18 2025 18:18:22 GMT+0000 (Coordinated Universal Time)
648417e68dbd81f6440c3946,6802971c8fb92947977051a7,648417e68dbd81f6440c3945,6802971f8fb9294797705426,nike-air-force-1-gol-gti,Nike Air Force 1 Golf GTI,Physical,"Plaid-lined, turbocharged, and built to stunt. These custom AF1s hit different—just like a Golf GTI in the left lane. Red accents pop against crisp white leather, while subtle GTI badging keeps it official. The streets aren’t ready. Lace up. Stand out. No speed limit.",Sneakers,https://cdn.prod.website-files.com/648417e68dbd81f6440c3944/680292630ef3b87c4430ec71_Main.jpg,,€180.00,,standard-taxable,,,true,,,,,,,Choose size,40 EU   | 7.5 US,,,,,Fri Apr 18 2025 18:17:00 GMT+0000 (Coordinated Universal Time),Fri Apr 18 2025 18:18:22 GMT+0000 (Coordinated Universal Time),Fri Apr 18 2025 18:18:22 GMT+0000 (Coordinated Universal Time)
648417e68dbd81f6440c3946,6802971c8fb92947977051a7,648417e68dbd81f6440c3945,6802971f8fb9294797705410,nike-air-force-1-gol-gti,Nike Air Force 1 Golf GTI,Physical,"Plaid-lined, turbocharged, and built to stunt. These custom AF1s hit different—just like a Golf GTI in the left lane. Red accents pop against crisp white leather, while subtle GTI badging keeps it official. The streets aren’t ready. Lace up. Stand out. No speed limit.",Sneakers,https://cdn.prod.website-files.com/648417e68dbd81f6440c3944/680292630ef3b87c4430ec71_Main.jpg,,€180.00,,standard-taxable,,,true,,,,,,,Choose size,37.5 EU | 6.5 US,,,,,Fri Apr 18 2025 18:17:00 GMT+0000 (Coordinated Universal Time),Fri Apr 18 2025 18:18:22 GMT+0000 (Coordinated Universal Time),Fri Apr 18 2025 18:18:22 GMT+0000 (Coordinated Universal Time)
648417e68dbd81f6440c3946,6802971c8fb92947977051a7,648417e68dbd81f6440c3945,6802971e8fb92947977053e2,nike-air-force-1-gol-gti,Nike Air Force 1 Golf GTI,Physical,"Plaid-lined, turbocharged, and built to stunt. These custom AF1s hit different—just like a Golf GTI in the left lane. Red accents pop against crisp white leather, while subtle GTI badging keeps it official. The streets aren’t ready. Lace up. Stand out. No speed limit.",Sneakers,https://cdn.prod.website-files.com/648417e68dbd81f6440c3944/680292630ef3b87c4430ec71_Main.jpg,,€180.00,,standard-taxable,,,true,,,,,,,Choose size,44.5 EU | 10.5 US,,,,,Fri Apr 18 2025 18:17:00 GMT+0000 (Coordinated Universal Time),Fri Apr 18 2025 18:18:22 GMT+0000 (Coordinated Universal Time),Fri Apr 18 2025 18:18:22 GMT+0000 (Coordinated Universal Time)
648417e68dbd81f6440c3946,6802971c8fb92947977051a7,648417e68dbd81f6440c3945,6802971e8fb92947977053d7,nike-air-force-1-gol-gti,Nike Air Force 1 Golf GTI,Physical,"Plaid-lined, turbocharged, and built to stunt. These custom AF1s hit different—just like a Golf GTI in the left lane. Red accents pop against crisp white leather, while subtle GTI badging keeps it official. The streets aren’t ready. Lace up. Stand out. No speed limit.",Sneakers,https://cdn.prod.website-files.com/648417e68dbd81f6440c3944/680292630ef3b87c4430ec71_Main.jpg,,€180.00,,standard-taxable,,,true,,,,,,,Choose size,43 EU   | 9.5 US,,,,,Fri Apr 18 2025 18:17:00 GMT+0000 (Coordinated Universal Time),Fri Apr 18 2025 18:18:22 GMT+0000 (Coordinated Universal Time),Fri Apr 18 2025 18:18:22 GMT+0000 (Coordinated Universal Time)
648417e68dbd81f6440c3946,6802971c8fb92947977051a7,648417e68dbd81f6440c3945,6802971e8fb9294797705309,nike-air-force-1-gol-gti,Nike Air Force 1 Golf GTI,Physical,"Plaid-lined, turbocharged, and built to stunt. These custom AF1s hit different—just like a Golf GTI in the left lane. Red accents pop against crisp white leather, while subtle GTI badging keeps it official. The streets aren’t ready. Lace up. Stand out. No speed limit.",Sneakers,https://cdn.prod.website-files.com/648417e68dbd81f6440c3944/680292630ef3b87c4430ec71_Main.jpg,,€180.00,,standard-taxable,,,true,,,,,,,Choose size,46 EU   | 12 US,,,,,Fri Apr 18 2025 18:17:00 GMT+0000 (Coordinated Universal Time),Fri Apr 18 2025 18:18:22 GMT+0000 (Coordinated Universal Time),Fri Apr 18 2025 18:18:22 GMT+0000 (Coordinated Universal Time)
648417e68dbd81f6440c3946,6802971c8fb92947977051a7,648417e68dbd81f6440c3945,6802971e8fb9294797705307,nike-air-force-1-gol-gti,Nike Air Force 1 Golf GTI,Physical,"Plaid-lined, turbocharged, and built to stunt. These custom AF1s hit different—just like a Golf GTI in the left lane. Red accents pop against crisp white leather, while subtle GTI badging keeps it official. The streets aren’t ready. Lace up. Stand out. No speed limit.",Sneakers,https://cdn.prod.website-files.com/648417e68dbd81f6440c3944/680292630ef3b87c4430ec71_Main.jpg,,€180.00,,standard-taxable,,,true,,,,,,,Choose size,42 EU   | 8.5 US,,,,,Fri Apr 18 2025 18:17:00 GMT+0000 (Coordinated Universal Time),Fri Apr 18 2025 18:18:22 GMT+0000 (Coordinated Universal Time),Fri Apr 18 2025 18:18:22 GMT+0000 (Coordinated Universal Time)
648417e68dbd81f6440c3946,6802971c8fb92947977051a7,648417e68dbd81f6440c3945,6802971e8fb92947977052fe,nike-air-force-1-gol-gti,Nike Air Force 1 Golf GTI,Physical,"Plaid-lined, turbocharged, and built to stunt. These custom AF1s hit different—just like a Golf GTI in the left lane. Red accents pop against crisp white leather, while subtle GTI badging keeps it official. The streets aren’t ready. Lace up. Stand out. No speed limit.",Sneakers,https://cdn.prod.website-files.com/648417e68dbd81f6440c3944/680292630ef3b87c4430ec71_Main.jpg,,€180.00,,standard-taxable,,,true,,,,,,,Choose size,44 EU   | 10 US,,,,,Fri Apr 18 2025 18:17:00 GMT+0000 (Coordinated Universal Time),Fri Apr 18 2025 18:18:22 GMT+0000 (Coordinated Universal Time),Fri Apr 18 2025 18:18:22 GMT+0000 (Coordinated Universal Time)
648417e68dbd81f6440c3946,6802971c8fb92947977051a7,648417e68dbd81f6440c3945,6802971e8fb92947977052f5,nike-air-force-1-gol-gti,Nike Air Force 1 Golf GTI,Physical,"Plaid-lined, turbocharged, and built to stunt. These custom AF1s hit different—just like a Golf GTI in the left lane. Red accents pop against crisp white leather, while subtle GTI badging keeps it official. The streets aren’t ready. Lace up. Stand out. No speed limit.",Sneakers,https://cdn.prod.website-files.com/648417e68dbd81f6440c3944/680292630ef3b87c4430ec71_Main.jpg,,€180.00,,standard-taxable,,,true,,,,,,,Choose size,38.5 EU | 7.5 US,,,,,Fri Apr 18 2025 18:17:00 GMT+0000 (Coordinated Universal Time),Fri Apr 18 2025 18:18:22 GMT+0000 (Coordinated Universal Time),Fri Apr 18 2025 18:18:22 GMT+0000 (Coordinated Universal Time)
648417e68dbd81f6440c3946,6802971c8fb92947977051a7,648417e68dbd81f6440c3945,6802971e8fb92947977052e0,nike-air-force-1-gol-gti,Nike Air Force 1 Golf GTI,Physical,"Plaid-lined, turbocharged, and built to stunt. These custom AF1s hit different—just like a Golf GTI in the left lane. Red accents pop against crisp white leather, while subtle GTI badging keeps it official. The streets aren’t ready. Lace up. Stand out. No speed limit.",Sneakers,https://cdn.prod.website-files.com/648417e68dbd81f6440c3944/680292630ef3b87c4430ec71_Main.jpg,,€180.00,,standard-taxable,,,true,,,,,,,Choose size,38 EU   | 7 US,,,,,Fri Apr 18 2025 18:17:00 GMT+0000 (Coordinated Universal Time),Fri Apr 18 2025 18:18:22 GMT+0000 (Coordinated Universal Time),Fri Apr 18 2025 18:18:22 GMT+0000 (Coordinated Universal Time)
648417e68dbd81f6440c3946,681223661436ef0da3457847,648417e68dbd81f6440c3945,6812265ceeace7530148d7df,air-force-1-blue-splatter,Air Force 1 Blue Splatter,Physical,,Sneakers,https://cdn.prod.website-files.com/648417e68dbd81f6440c3944/6811f4af3f175253fd518f10_Main.jpg,,€190.00,,standard-taxable,,,true,,,,,,,Chooze Size,40 EU   | 7.5 US,,,,,Wed Apr 30 2025 13:19:34 GMT+0000 (Coordinated Universal Time),Wed Apr 30 2025 13:41:34 GMT+0000 (Coordinated Universal Time),Sun May 04 2025 21:43:17 GMT+0000 (Coordinated Universal Time)
648417e68dbd81f6440c3946,681223661436ef0da3457847,648417e68dbd81f6440c3945,6812265bcae260d433b3365b,air-force-1-blue-splatter,Air Force 1 Blue Splatter,Physical,,Sneakers,https://cdn.prod.website-files.com/648417e68dbd81f6440c3944/6811f4af3f175253fd518f10_Main.jpg,,€190.00,,standard-taxable,,,true,,,,,,,Chooze Size,46 EU   | 12 US,,,,,Wed Apr 30 2025 13:19:34 GMT+0000 (Coordinated Universal Time),Wed Apr 30 2025 13:41:34 GMT+0000 (Coordinated Universal Time),Sun May 04 2025 21:43:17 GMT+0000 (Coordinated Universal Time)
648417e68dbd81f6440c3946,681223661436ef0da3457847,648417e68dbd81f6440c3945,6812265b4f2e1f8475685229,air-force-1-blue-splatter,Air Force 1 Blue Splatter,Physical,,Sneakers,https://cdn.prod.website-files.com/648417e68dbd81f6440c3944/6811f4af3f175253fd518f10_Main.jpg,,€190.00,,standard-taxable,,,true,,,,,,,Chooze Size,38 EU   | 7 US,,,,,Wed Apr 30 2025 13:19:34 GMT+0000 (Coordinated Universal Time),Wed Apr 30 2025 13:41:34 GMT+0000 (Coordinated Universal Time),Sun May 04 2025 21:43:17 GMT+0000 (Coordinated Universal Time)
648417e68dbd81f6440c3946,681223661436ef0da3457847,648417e68dbd81f6440c3945,6812265b3de4cb0280fca9cf,air-force-1-blue-splatter,Air Force 1 Blue Splatter,Physical,,Sneakers,https://cdn.prod.website-files.com/648417e68dbd81f6440c3944/6811f4af3f175253fd518f10_Main.jpg,,€190.00,,standard-taxable,,,true,,,,,,,Chooze Size,44.5 EU | 10.5 US,,,,,Wed Apr 30 2025 13:19:34 GMT+0000 (Coordinated Universal Time),Wed Apr 30 2025 13:41:34 GMT+0000 (Coordinated Universal Time),Sun May 04 2025 21:43:17 GMT+0000 (Coordinated Universal Time)
648417e68dbd81f6440c3946,681223661436ef0da3457847,648417e68dbd81f6440c3945,6812265b3e4d2f760cac90e7,air-force-1-blue-splatter,Air Force 1 Blue Splatter,Physical,,Sneakers,https://cdn.prod.website-files.com/648417e68dbd81f6440c3944/6811f4af3f175253fd518f10_Main.jpg,,€190.00,,standard-taxable,,,true,,,,,,,Chooze Size,41 EU   | 8 US,,,,,Wed Apr 30 2025 13:19:34 GMT+0000 (Coordinated Universal Time),Wed Apr 30 2025 13:41:34 GMT+0000 (Coordinated Universal Time),Sun May 04 2025 21:43:17 GMT+0000 (Coordinated Universal Time)
648417e68dbd81f6440c3946,681223661436ef0da3457847,648417e68dbd81f6440c3945,6812265b6f54d19870beba59,air-force-1-blue-splatter,Air Force 1 Blue Splatter,Physical,,Sneakers,https://cdn.prod.website-files.com/648417e68dbd81f6440c3944/6811f4af3f175253fd518f10_Main.jpg,,€190.00,,standard-taxable,,,true,,,,,,,Chooze Size,37.5 EU | 6.5 US,,,,,Wed Apr 30 2025 13:19:34 GMT+0000 (Coordinated Universal Time),Wed Apr 30 2025 13:41:34 GMT+0000 (Coordinated Universal Time),Sun May 04 2025 21:43:17 GMT+0000 (Coordinated Universal Time)
648417e68dbd81f6440c3946,681223661436ef0da3457847,648417e68dbd81f6440c3945,6812265b8488edb1c2f5791d,air-force-1-blue-splatter,Air Force 1 Blue Splatter,Physical,,Sneakers,https://cdn.prod.website-files.com/648417e68dbd81f6440c3944/6811f4af3f175253fd518f10_Main.jpg,,€190.00,,standard-taxable,,,true,,,,,,,Chooze Size,36.5 EU | 6 US,,,,,Wed Apr 30 2025 13:19:34 GMT+0000 (Coordinated Universal Time),Wed Apr 30 2025 13:41:34 GMT+0000 (Coordinated Universal Time),Sun May 04 2025 21:43:17 GMT+0000 (Coordinated Universal Time)
648417e68dbd81f6440c3946,681223661436ef0da3457847,648417e68dbd81f6440c3945,6812265b4945872ff617f0c8,air-force-1-blue-splatter,Air Force 1 Blue Splatter,Physical,,Sneakers,https://cdn.prod.website-files.com/648417e68dbd81f6440c3944/6811f4af3f175253fd518f10_Main.jpg,,€190.00,,standard-taxable,,,true,,,,,,,Chooze Size,38.5 EU | 7.5 US,,,,,Wed Apr 30 2025 13:19:34 GMT+0000 (Coordinated Universal Time),Wed Apr 30 2025 13:41:34 GMT+0000 (Coordinated Universal Time),Sun May 04 2025 21:43:17 GMT+0000 (Coordinated Universal Time)
648417e68dbd81f6440c3946,681223661436ef0da3457847,648417e68dbd81f6440c3945,6812265bbc7a9bb2f5d58f5f,air-force-1-blue-splatter,Air Force 1 Blue Splatter,Physical,,Sneakers,https://cdn.prod.website-files.com/648417e68dbd81f6440c3944/6811f4af3f175253fd518f10_Main.jpg,,€190.00,,standard-taxable,,,true,,,,,,,Chooze Size,42.5 EU | 9 US,,,,,Wed Apr 30 2025 13:19:34 GMT+0000 (Coordinated Universal Time),Wed Apr 30 2025 13:41:34 GMT+0000 (Coordinated Universal Time),Sun May 04 2025 21:43:17 GMT+0000 (Coordinated Universal Time)
648417e68dbd81f6440c3946,681223661436ef0da3457847,648417e68dbd81f6440c3945,6812265b428ba86ecf155dc9,air-force-1-blue-splatter,Air Force 1 Blue Splatter,Physical,,Sneakers,https://cdn.prod.website-files.com/648417e68dbd81f6440c3944/6811f4af3f175253fd518f10_Main.jpg,,€190.00,,standard-taxable,,,true,,,,,,,Chooze Size,45 EU   | 11 US,,,,,Wed Apr 30 2025 13:19:34 GMT+0000 (Coordinated Universal Time),Wed Apr 30 2025 13:41:34 GMT+0000 (Coordinated Universal Time),Sun May 04 2025 21:43:17 GMT+0000 (Coordinated Universal Time)
648417e68dbd81f6440c3946,681223661436ef0da3457847,648417e68dbd81f6440c3945,6812265b05c2fd0c9bb07683,air-force-1-blue-splatter,Air Force 1 Blue Splatter,Physical,,Sneakers,https://cdn.prod.website-files.com/648417e68dbd81f6440c3944/6811f4af3f175253fd518f10_Main.jpg,,€190.00,,standard-taxable,,,true,,,,,,,Chooze Size,42 EU   | 8.5 US,,,,,Wed Apr 30 2025 13:19:34 GMT+0000 (Coordinated Universal Time),Wed Apr 30 2025 13:41:34 GMT+0000 (Coordinated Universal Time),Sun May 04 2025 21:43:17 GMT+0000 (Coordinated Universal Time)
648417e68dbd81f6440c3946,681223661436ef0da3457847,648417e68dbd81f6440c3945,6812265beec36fcc2e791c3b,air-force-1-blue-splatter,Air Force 1 Blue Splatter,Physical,,Sneakers,https://cdn.prod.website-files.com/648417e68dbd81f6440c3944/6811f4af3f175253fd518f10_Main.jpg,,€190.00,,standard-taxable,,,true,,,,,,,Chooze Size,44 EU   | 10 US,,,,,Wed Apr 30 2025 13:19:34 GMT+0000 (Coordinated Universal Time),Wed Apr 30 2025 13:41:34 GMT+0000 (Coordinated Universal Time),Sun May 04 2025 21:43:17 GMT+0000 (Coordinated Universal Time)
648417e68dbd81f6440c3946,681223661436ef0da3457847,648417e68dbd81f6440c3945,6812265b0d896220dbbf7bf6,air-force-1-blue-splatter,Air Force 1 Blue Splatter,Physical,,Sneakers,https://cdn.prod.website-files.com/648417e68dbd81f6440c3944/6811f4af3f175253fd518f10_Main.jpg,,€190.00,,standard-taxable,,,true,,,,,,,Chooze Size,39 EU   | 8 US,,,,,Wed Apr 30 2025 13:19:34 GMT+0000 (Coordinated Universal Time),Wed Apr 30 2025 13:41:34 GMT+0000 (Coordinated Universal Time),Sun May 04 2025 21:43:17 GMT+0000 (Coordinated Universal Time)
648417e68dbd81f6440c3946,681223661436ef0da3457847,648417e68dbd81f6440c3945,6812265b51f36d98fa4e2b03,air-force-1-blue-splatter,Air Force 1 Blue Splatter,Physical,,Sneakers,https://cdn.prod.website-files.com/648417e68dbd81f6440c3944/6811f4af3f175253fd518f10_Main.jpg,,€190.00,,standard-taxable,,,true,,,,,,,Chooze Size,43 EU   | 9.5 US,,,,,Wed Apr 30 2025 13:19:34 GMT+0000 (Coordinated Universal Time),Wed Apr 30 2025 13:41:34 GMT+0000 (Coordinated Universal Time),Sun May 04 2025 21:43:17 GMT+0000 (Coordinated Universal Time)
648417e68dbd81f6440c3946,681223661436ef0da3457847,648417e68dbd81f6440c3945,6812265b7ce2bf8e811f7094,air-force-1-blue-splatter,Air Force 1 Blue Splatter,Physical,,Sneakers,https://cdn.prod.website-files.com/648417e68dbd81f6440c3944/6811f4af3f175253fd518f10_Main.jpg,,€190.00,,standard-taxable,,,true,,,,,,,Chooze Size,45.5 EU | 11.5 US,,,,,Wed Apr 30 2025 13:19:34 GMT+0000 (Coordinated Universal Time),Wed Apr 30 2025 13:41:34 GMT+0000 (Coordinated Universal Time),Sun May 04 2025 21:43:17 GMT+0000 (Coordinated Universal Time)
648417e68dbd81f6440c3946,681223661436ef0da3457847,648417e68dbd81f6440c3945,6812236783405d7d21698376,air-force-1-blue-splatter,Air Force 1 Blue Splatter,Physical,,Sneakers,https://cdn.prod.website-files.com/648417e68dbd81f6440c3944/6811f4af3f175253fd518f10_Main.jpg,,€190.00,,standard-taxable,,,true,,,,,,,Chooze Size,36 EU   | 5.5 US,,,,,Wed Apr 30 2025 13:19:34 GMT+0000 (Coordinated Universal Time),Wed Apr 30 2025 13:41:34 GMT+0000 (Coordinated Universal Time),Sun May 04 2025 21:43:17 GMT+0000 (Coordinated Universal Time)
648417e68dbd81f6440c3946,684b13219b5b3eabf58c2a17,648417e68dbd81f6440c3945,684b1323469368ffb75af635,porsche-cayenne-air-force-1-custom,Porsche Cayenne Air Force 1 Custom,Physical,,,https://cdn.prod.website-files.com/648417e68dbd81f6440c3944/684b12ab3a50b850b2bc3982_Main.jpg,,€190.00,,standard-taxable,,,true,,,,,,,Chooze Size:,37.5 EU | 6.5 US,,,,,Thu Jun 12 2025 17:49:21 GMT+0000 (Coordinated Universal Time),Thu Jun 12 2025 17:49:24 GMT+0000 (Coordinated Universal Time),Thu Jun 12 2025 17:49:24 GMT+0000 (Coordinated Universal Time)
648417e68dbd81f6440c3946,684b13219b5b3eabf58c2a17,648417e68dbd81f6440c3945,684b1323469368ffb75af60b,porsche-cayenne-air-force-1-custom,Porsche Cayenne Air Force 1 Custom,Physical,,,https://cdn.prod.website-files.com/648417e68dbd81f6440c3944/684b12ab3a50b850b2bc3982_Main.jpg,,€190.00,,standard-taxable,,,true,,,,,,,Chooze Size:,36 EU   | 5.5 US,,,,,Thu Jun 12 2025 17:49:21 GMT+0000 (Coordinated Universal Time),Thu Jun 12 2025 17:49:24 GMT+0000 (Coordinated Universal Time),Thu Jun 12 2025 17:49:24 GMT+0000 (Coordinated Universal Time)
648417e68dbd81f6440c3946,684b13219b5b3eabf58c2a17,648417e68dbd81f6440c3945,684b1323469368ffb75af600,porsche-cayenne-air-force-1-custom,Porsche Cayenne Air Force 1 Custom,Physical,,,https://cdn.prod.website-files.com/648417e68dbd81f6440c3944/684b12ab3a50b850b2bc3982_Main.jpg,,€190.00,,standard-taxable,,,true,,,,,,,Chooze Size:,42.5 EU | 9 US,,,,,Thu Jun 12 2025 17:49:21 GMT+0000 (Coordinated Universal Time),Thu Jun 12 2025 17:49:24 GMT+0000 (Coordinated Universal Time),Thu Jun 12 2025 17:49:24 GMT+0000 (Coordinated Universal Time)
648417e68dbd81f6440c3946,684b13219b5b3eabf58c2a17,648417e68dbd81f6440c3945,684b1323469368ffb75af5d9,porsche-cayenne-air-force-1-custom,Porsche Cayenne Air Force 1 Custom,Physical,,,https://cdn.prod.website-files.com/648417e68dbd81f6440c3944/684b12ab3a50b850b2bc3982_Main.jpg,,€190.00,,standard-taxable,,,true,,,,,,,Chooze Size:,42 EU   | 8.5 US,,,,,Thu Jun 12 2025 17:49:21 GMT+0000 (Coordinated Universal Time),Thu Jun 12 2025 17:49:24 GMT+0000 (Coordinated Universal Time),Thu Jun 12 2025 17:49:24 GMT+0000 (Coordinated Universal Time)
648417e68dbd81f6440c3946,684b13219b5b3eabf58c2a17,648417e68dbd81f6440c3945,684b1323469368ffb75af5c7,porsche-cayenne-air-force-1-custom,Porsche Cayenne Air Force 1 Custom,Physical,,,https://cdn.prod.website-files.com/648417e68dbd81f6440c3944/684b12ab3a50b850b2bc3982_Main.jpg,,€190.00,,standard-taxable,,,true,,,,,,,Chooze Size:,43 EU   | 9.5 US,,,,,Thu Jun 12 2025 17:49:21 GMT+0000 (Coordinated Universal Time),Thu Jun 12 2025 17:49:24 GMT+0000 (Coordinated Universal Time),Thu Jun 12 2025 17:49:24 GMT+0000 (Coordinated Universal Time)
648417e68dbd81f6440c3946,684b13219b5b3eabf58c2a17,648417e68dbd81f6440c3945,684b1323469368ffb75af586,porsche-cayenne-air-force-1-custom,Porsche Cayenne Air Force 1 Custom,Physical,,,https://cdn.prod.website-files.com/648417e68dbd81f6440c3944/684b12ab3a50b850b2bc3982_Main.jpg,,€190.00,,standard-taxable,,,true,,,,,,,Chooze Size:,39 EU   | 8 US,,,,,Thu Jun 12 2025 17:49:21 GMT+0000 (Coordinated Universal Time),Thu Jun 12 2025 17:49:24 GMT+0000 (Coordinated Universal Time),Thu Jun 12 2025 17:49:24 GMT+0000 (Coordinated Universal Time)
648417e68dbd81f6440c3946,684b13219b5b3eabf58c2a17,648417e68dbd81f6440c3945,684b1323469368ffb75af579,porsche-cayenne-air-force-1-custom,Porsche Cayenne Air Force 1 Custom,Physical,,,https://cdn.prod.website-files.com/648417e68dbd81f6440c3944/684b12ab3a50b850b2bc3982_Main.jpg,,€190.00,,standard-taxable,,,true,,,,,,,Chooze Size:,44 EU   | 10 US,,,,,Thu Jun 12 2025 17:49:21 GMT+0000 (Coordinated Universal Time),Thu Jun 12 2025 17:49:24 GMT+0000 (Coordinated Universal Time),Thu Jun 12 2025 17:49:24 GMT+0000 (Coordinated Universal Time)
648417e68dbd81f6440c3946,684b13219b5b3eabf58c2a17,648417e68dbd81f6440c3945,684b1323469368ffb75af577,porsche-cayenne-air-force-1-custom,Porsche Cayenne Air Force 1 Custom,Physical,,,https://cdn.prod.website-files.com/648417e68dbd81f6440c3944/684b12ab3a50b850b2bc3982_Main.jpg,,€190.00,,standard-taxable,,,true,,,,,,,Chooze Size:,40 EU   | 7.5 US,,,,,Thu Jun 12 2025 17:49:21 GMT+0000 (Coordinated Universal Time),Thu Jun 12 2025 17:49:24 GMT+0000 (Coordinated Universal Time),Thu Jun 12 2025 17:49:24 GMT+0000 (Coordinated Universal Time)
648417e68dbd81f6440c3946,684b13219b5b3eabf58c2a17,648417e68dbd81f6440c3945,684b1323469368ffb75af568,porsche-cayenne-air-force-1-custom,Porsche Cayenne Air Force 1 Custom,Physical,,,https://cdn.prod.website-files.com/648417e68dbd81f6440c3944/684b12ab3a50b850b2bc3982_Main.jpg,,€190.00,,standard-taxable,,,true,,,,,,,Chooze Size:,41 EU   | 8 US,,,,,Thu Jun 12 2025 17:49:21 GMT+0000 (Coordinated Universal Time),Thu Jun 12 2025 17:49:24 GMT+0000 (Coordinated Universal Time),Thu Jun 12 2025 17:49:24 GMT+0000 (Coordinated Universal Time)
648417e68dbd81f6440c3946,684b13219b5b3eabf58c2a17,648417e68dbd81f6440c3945,684b1323469368ffb75af521,porsche-cayenne-air-force-1-custom,Porsche Cayenne Air Force 1 Custom,Physical,,,https://cdn.prod.website-files.com/648417e68dbd81f6440c3944/684b12ab3a50b850b2bc3982_Main.jpg,,€190.00,,standard-taxable,,,true,,,,,,,Chooze Size:,46 EU   | 12 US,,,,,Thu Jun 12 2025 17:49:21 GMT+0000 (Coordinated Universal Time),Thu Jun 12 2025 17:49:24 GMT+0000 (Coordinated Universal Time),Thu Jun 12 2025 17:49:24 GMT+0000 (Coordinated Universal Time)
648417e68dbd81f6440c3946,684b13219b5b3eabf58c2a17,648417e68dbd81f6440c3945,684b1322469368ffb75af4d5,porsche-cayenne-air-force-1-custom,Porsche Cayenne Air Force 1 Custom,Physical,,,https://cdn.prod.website-files.com/648417e68dbd81f6440c3944/684b12ab3a50b850b2bc3982_Main.jpg,,€190.00,,standard-taxable,,,true,,,,,,,Chooze Size:,38 EU   | 7 US,,,,,Thu Jun 12 2025 17:49:21 GMT+0000 (Coordinated Universal Time),Thu Jun 12 2025 17:49:24 GMT+0000 (Coordinated Universal Time),Thu Jun 12 2025 17:49:24 GMT+0000 (Coordinated Universal Time)
648417e68dbd81f6440c3946,684b13219b5b3eabf58c2a17,648417e68dbd81f6440c3945,684b1322469368ffb75af4d3,porsche-cayenne-air-force-1-custom,Porsche Cayenne Air Force 1 Custom,Physical,,,https://cdn.prod.website-files.com/648417e68dbd81f6440c3944/684b12ab3a50b850b2bc3982_Main.jpg,,€190.00,,standard-taxable,,,true,,,,,,,Chooze Size:,38.5 EU | 7.5 US,,,,,Thu Jun 12 2025 17:49:21 GMT+0000 (Coordinated Universal Time),Thu Jun 12 2025 17:49:24 GMT+0000 (Coordinated Universal Time),Thu Jun 12 2025 17:49:24 GMT+0000 (Coordinated Universal Time)
648417e68dbd81f6440c3946,684b13219b5b3eabf58c2a17,648417e68dbd81f6440c3945,684b1322469368ffb75af4c9,porsche-cayenne-air-force-1-custom,Porsche Cayenne Air Force 1 Custom,Physical,,,https://cdn.prod.website-files.com/648417e68dbd81f6440c3944/684b12ab3a50b850b2bc3982_Main.jpg,,€190.00,,standard-taxable,,,true,,,,,,,Chooze Size:,44.5 EU | 10.5 US,,,,,Thu Jun 12 2025 17:49:21 GMT+0000 (Coordinated Universal Time),Thu Jun 12 2025 17:49:24 GMT+0000 (Coordinated Universal Time),Thu Jun 12 2025 17:49:24 GMT+0000 (Coordinated Universal Time)
648417e68dbd81f6440c3946,684b13219b5b3eabf58c2a17,648417e68dbd81f6440c3945,684b1322469368ffb75af4c7,porsche-cayenne-air-force-1-custom,Porsche Cayenne Air Force 1 Custom,Physical,,,https://cdn.prod.website-files.com/648417e68dbd81f6440c3944/684b12ab3a50b850b2bc3982_Main.jpg,,€190.00,,standard-taxable,,,true,,,,,,,Chooze Size:,45.5 EU | 11.5 US,,,,,Thu Jun 12 2025 17:49:21 GMT+0000 (Coordinated Universal Time),Thu Jun 12 2025 17:49:24 GMT+0000 (Coordinated Universal Time),Thu Jun 12 2025 17:49:24 GMT+0000 (Coordinated Universal Time)
648417e68dbd81f6440c3946,684b13219b5b3eabf58c2a17,648417e68dbd81f6440c3945,684b1322469368ffb75af4c5,porsche-cayenne-air-force-1-custom,Porsche Cayenne Air Force 1 Custom,Physical,,,https://cdn.prod.website-files.com/648417e68dbd81f6440c3944/684b12ab3a50b850b2bc3982_Main.jpg,,€190.00,,standard-taxable,,,true,,,,,,,Chooze Size:,45 EU   | 11 US,,,,,Thu Jun 12 2025 17:49:21 GMT+0000 (Coordinated Universal Time),Thu Jun 12 2025 17:49:24 GMT+0000 (Coordinated Universal Time),Thu Jun 12 2025 17:49:24 GMT+0000 (Coordinated Universal Time)
648417e68dbd81f6440c3946,6880f1e2f7075bcaeb9ee257,648417e68dbd81f6440c3945,6880f1e4f7075bcaeb9ee2ac,jujutsu-kaisen-air-force-1-custom, Jujutsu Kaisen Air Force 1 Custom ,Physical,,Sneakers,https://cdn.prod.website-files.com/648417e68dbd81f6440c3944/6880f1e2f7075bcaeb9ee25a_6880ef22a3979823bf4e3e39_Main.jpeg,,€200.00,,standard-taxable,,,true,,,,,,,Choose Size,45 EU   | 11 US,,,,,Wed Jul 23 2025 14:29:54 GMT+0000 (Coordinated Universal Time),Wed Jul 23 2025 14:29:54 GMT+0000 (Coordinated Universal Time),Wed Jul 23 2025 14:30:14 GMT+0000 (Coordinated Universal Time)
648417e68dbd81f6440c3946,6880f1e2f7075bcaeb9ee257,648417e68dbd81f6440c3945,6880f1e4f7075bcaeb9ee2aa,jujutsu-kaisen-air-force-1-custom, Jujutsu Kaisen Air Force 1 Custom ,Physical,,Sneakers,https://cdn.prod.website-files.com/648417e68dbd81f6440c3944/6880f1e2f7075bcaeb9ee25a_6880ef22a3979823bf4e3e39_Main.jpeg,,€200.00,,standard-taxable,,,true,,,,,,,Choose Size,36.5 EU | 6 US,,,,,Wed Jul 23 2025 14:29:54 GMT+0000 (Coordinated Universal Time),Wed Jul 23 2025 14:29:54 GMT+0000 (Coordinated Universal Time),Wed Jul 23 2025 14:30:14 GMT+0000 (Coordinated Universal Time)
648417e68dbd81f6440c3946,6880f1e2f7075bcaeb9ee257,648417e68dbd81f6440c3945,6880f1e4f7075bcaeb9ee2a8,jujutsu-kaisen-air-force-1-custom, Jujutsu Kaisen Air Force 1 Custom ,Physical,,Sneakers,https://cdn.prod.website-files.com/648417e68dbd81f6440c3944/6880f1e2f7075bcaeb9ee25a_6880ef22a3979823bf4e3e39_Main.jpeg,,€200.00,,standard-taxable,,,true,,,,,,,Choose Size,38 EU   | 7 US,,,,,Wed Jul 23 2025 14:29:54 GMT+0000 (Coordinated Universal Time),Wed Jul 23 2025 14:29:54 GMT+0000 (Coordinated Universal Time),Wed Jul 23 2025 14:30:14 GMT+0000 (Coordinated Universal Time)
648417e68dbd81f6440c3946,6880f1e2f7075bcaeb9ee257,648417e68dbd81f6440c3945,6880f1e4f7075bcaeb9ee2a6,jujutsu-kaisen-air-force-1-custom, Jujutsu Kaisen Air Force 1 Custom ,Physical,,Sneakers,https://cdn.prod.website-files.com/648417e68dbd81f6440c3944/6880f1e2f7075bcaeb9ee25a_6880ef22a3979823bf4e3e39_Main.jpeg,,€200.00,,standard-taxable,,,true,,,,,,,Choose Size,44.5 EU | 10.5 US,,,,,Wed Jul 23 2025 14:29:54 GMT+0000 (Coordinated Universal Time),Wed Jul 23 2025 14:29:54 GMT+0000 (Coordinated Universal Time),Wed Jul 23 2025 14:30:14 GMT+0000 (Coordinated Universal Time)
648417e68dbd81f6440c3946,6880f1e2f7075bcaeb9ee257,648417e68dbd81f6440c3945,6880f1e4f7075bcaeb9ee2a4,jujutsu-kaisen-air-force-1-custom, Jujutsu Kaisen Air Force 1 Custom ,Physical,,Sneakers,https://cdn.prod.website-files.com/648417e68dbd81f6440c3944/6880f1e2f7075bcaeb9ee25a_6880ef22a3979823bf4e3e39_Main.jpeg,,€200.00,,standard-taxable,,,true,,,,,,,Choose Size,36 EU   | 5.5 US,,,,,Wed Jul 23 2025 14:29:54 GMT+0000 (Coordinated Universal Time),Wed Jul 23 2025 14:29:54 GMT+0000 (Coordinated Universal Time),Wed Jul 23 2025 14:30:14 GMT+0000 (Coordinated Universal Time)
648417e68dbd81f6440c3946,6880f1e2f7075bcaeb9ee257,648417e68dbd81f6440c3945,6880f1e4f7075bcaeb9ee2a2,jujutsu-kaisen-air-force-1-custom, Jujutsu Kaisen Air Force 1 Custom ,Physical,,Sneakers,https://cdn.prod.website-files.com/648417e68dbd81f6440c3944/6880f1e2f7075bcaeb9ee25a_6880ef22a3979823bf4e3e39_Main.jpeg,,€200.00,,standard-taxable,,,true,,,,,,,Choose Size,41 EU   | 8 US,,,,,Wed Jul 23 2025 14:29:54 GMT+0000 (Coordinated Universal Time),Wed Jul 23 2025 14:29:54 GMT+0000 (Coordinated Universal Time),Wed Jul 23 2025 14:30:14 GMT+0000 (Coordinated Universal Time)
648417e68dbd81f6440c3946,6880f1e2f7075bcaeb9ee257,648417e68dbd81f6440c3945,6880f1e4f7075bcaeb9ee2a0,jujutsu-kaisen-air-force-1-custom, Jujutsu Kaisen Air Force 1 Custom ,Physical,,Sneakers,https://cdn.prod.website-files.com/648417e68dbd81f6440c3944/6880f1e2f7075bcaeb9ee25a_6880ef22a3979823bf4e3e39_Main.jpeg,,€200.00,,standard-taxable,,,true,,,,,,,Choose Size,39 EU   | 8 US,,,,,Wed Jul 23 2025 14:29:54 GMT+0000 (Coordinated Universal Time),Wed Jul 23 2025 14:29:54 GMT+0000 (Coordinated Universal Time),Wed Jul 23 2025 14:30:14 GMT+0000 (Coordinated Universal Time)
648417e68dbd81f6440c3946,6880f1e2f7075bcaeb9ee257,648417e68dbd81f6440c3945,6880f1e4f7075bcaeb9ee29e,jujutsu-kaisen-air-force-1-custom, Jujutsu Kaisen Air Force 1 Custom ,Physical,,Sneakers,https://cdn.prod.website-files.com/648417e68dbd81f6440c3944/6880f1e2f7075bcaeb9ee25a_6880ef22a3979823bf4e3e39_Main.jpeg,,€200.00,,standard-taxable,,,true,,,,,,,Choose Size,42 EU   | 8.5 US,,,,,Wed Jul 23 2025 14:29:54 GMT+0000 (Coordinated Universal Time),Wed Jul 23 2025 14:29:54 GMT+0000 (Coordinated Universal Time),Wed Jul 23 2025 14:30:14 GMT+0000 (Coordinated Universal Time)
648417e68dbd81f6440c3946,6880f1e2f7075bcaeb9ee257,648417e68dbd81f6440c3945,6880f1e4f7075bcaeb9ee29c,jujutsu-kaisen-air-force-1-custom, Jujutsu Kaisen Air Force 1 Custom ,Physical,,Sneakers,https://cdn.prod.website-files.com/648417e68dbd81f6440c3944/6880f1e2f7075bcaeb9ee25a_6880ef22a3979823bf4e3e39_Main.jpeg,,€200.00,,standard-taxable,,,true,,,,,,,Choose Size,45.5 EU | 11.5 US,,,,,Wed Jul 23 2025 14:29:54 GMT+0000 (Coordinated Universal Time),Wed Jul 23 2025 14:29:54 GMT+0000 (Coordinated Universal Time),Wed Jul 23 2025 14:30:14 GMT+0000 (Coordinated Universal Time)
648417e68dbd81f6440c3946,6880f1e2f7075bcaeb9ee257,648417e68dbd81f6440c3945,6880f1e4f7075bcaeb9ee29a,jujutsu-kaisen-air-force-1-custom, Jujutsu Kaisen Air Force 1 Custom ,Physical,,Sneakers,https://cdn.prod.website-files.com/648417e68dbd81f6440c3944/6880f1e2f7075bcaeb9ee25a_6880ef22a3979823bf4e3e39_Main.jpeg,,€200.00,,standard-taxable,,,true,,,,,,,Choose Size,38.5 EU | 7.5 US,,,,,Wed Jul 23 2025 14:29:54 GMT+0000 (Coordinated Universal Time),Wed Jul 23 2025 14:29:54 GMT+0000 (Coordinated Universal Time),Wed Jul 23 2025 14:30:14 GMT+0000 (Coordinated Universal Time)
648417e68dbd81f6440c3946,6880f1e2f7075bcaeb9ee257,648417e68dbd81f6440c3945,6880f1e4f7075bcaeb9ee298,jujutsu-kaisen-air-force-1-custom, Jujutsu Kaisen Air Force 1 Custom ,Physical,,Sneakers,https://cdn.prod.website-files.com/648417e68dbd81f6440c3944/6880f1e2f7075bcaeb9ee25a_6880ef22a3979823bf4e3e39_Main.jpeg,,€200.00,,standard-taxable,,,true,,,,,,,Choose Size,43 EU   | 9.5 US,,,,,Wed Jul 23 2025 14:29:54 GMT+0000 (Coordinated Universal Time),Wed Jul 23 2025 14:29:54 GMT+0000 (Coordinated Universal Time),Wed Jul 23 2025 14:30:14 GMT+0000 (Coordinated Universal Time)
648417e68dbd81f6440c3946,6880f1e2f7075bcaeb9ee257,648417e68dbd81f6440c3945,6880f1e4f7075bcaeb9ee296,jujutsu-kaisen-air-force-1-custom, Jujutsu Kaisen Air Force 1 Custom ,Physical,,Sneakers,https://cdn.prod.website-files.com/648417e68dbd81f6440c3944/6880f1e2f7075bcaeb9ee25a_6880ef22a3979823bf4e3e39_Main.jpeg,,€200.00,,standard-taxable,,,true,,,,,,,Choose Size,40 EU   | 7.5 US,,,,,Wed Jul 23 2025 14:29:54 GMT+0000 (Coordinated Universal Time),Wed Jul 23 2025 14:29:54 GMT+0000 (Coordinated Universal Time),Wed Jul 23 2025 14:30:14 GMT+0000 (Coordinated Universal Time)
648417e68dbd81f6440c3946,6880f1e2f7075bcaeb9ee257,648417e68dbd81f6440c3945,6880f1e4f7075bcaeb9ee294,jujutsu-kaisen-air-force-1-custom, Jujutsu Kaisen Air Force 1 Custom ,Physical,,Sneakers,https://cdn.prod.website-files.com/648417e68dbd81f6440c3944/6880f1e2f7075bcaeb9ee25a_6880ef22a3979823bf4e3e39_Main.jpeg,,€200.00,,standard-taxable,,,true,,,,,,,Choose Size,44 EU   | 10 US,,,,,Wed Jul 23 2025 14:29:54 GMT+0000 (Coordinated Universal Time),Wed Jul 23 2025 14:29:54 GMT+0000 (Coordinated Universal Time),Wed Jul 23 2025 14:30:14 GMT+0000 (Coordinated Universal Time)
648417e68dbd81f6440c3946,6880f1e2f7075bcaeb9ee257,648417e68dbd81f6440c3945,6880f1e4f7075bcaeb9ee292,jujutsu-kaisen-air-force-1-custom, Jujutsu Kaisen Air Force 1 Custom ,Physical,,Sneakers,https://cdn.prod.website-files.com/648417e68dbd81f6440c3944/6880f1e2f7075bcaeb9ee25a_6880ef22a3979823bf4e3e39_Main.jpeg,,€200.00,,standard-taxable,,,true,,,,,,,Choose Size,42.5 EU | 9 US,,,,,Wed Jul 23 2025 14:29:54 GMT+0000 (Coordinated Universal Time),Wed Jul 23 2025 14:29:54 GMT+0000 (Coordinated Universal Time),Wed Jul 23 2025 14:30:14 GMT+0000 (Coordinated Universal Time)
648417e68dbd81f6440c3946,6880f1e2f7075bcaeb9ee257,648417e68dbd81f6440c3945,6880f1e4f7075bcaeb9ee290,jujutsu-kaisen-air-force-1-custom, Jujutsu Kaisen Air Force 1 Custom ,Physical,,Sneakers,https://cdn.prod.website-files.com/648417e68dbd81f6440c3944/6880f1e2f7075bcaeb9ee25a_6880ef22a3979823bf4e3e39_Main.jpeg,,€200.00,,standard-taxable,,,true,,,,,,,Choose Size,46 EU   | 12 US,,,,,Wed Jul 23 2025 14:29:54 GMT+0000 (Coordinated Universal Time),Wed Jul 23 2025 14:29:54 GMT+0000 (Coordinated Universal Time),Wed Jul 23 2025 14:30:14 GMT+0000 (Coordinated Universal Time)
648417e68dbd81f6440c3946,6828e0d0849cc5e55bb4e39b,648417e68dbd81f6440c3945,6828e0d200d93f05c1185ea7,aryton-senna-f1-air-force-1-1,Aryton Senna F1 Air Force 1,Physical,,Sneakers,https://cdn.prod.website-files.com/648417e68dbd81f6440c3944/6820b7a472d31971c11900cf_1.jpg,,€200.00,,standard-taxable,,,true,,,,,,,Chooze Size,37.5 EU | 6.5 US,,,,,Sat May 17 2025 19:17:36 GMT+0000 (Coordinated Universal Time),Thu Aug 07 2025 17:44:21 GMT+0000 (Coordinated Universal Time),Thu Aug 07 2025 17:44:21 GMT+0000 (Coordinated Universal Time)
648417e68dbd81f6440c3946,6828e0d0849cc5e55bb4e39b,648417e68dbd81f6440c3945,6828e0d200d93f05c1185e52,aryton-senna-f1-air-force-1-1,Aryton Senna F1 Air Force 1,Physical,,Sneakers,https://cdn.prod.website-files.com/648417e68dbd81f6440c3944/6820b7a472d31971c11900cf_1.jpg,,€200.00,,standard-taxable,,,true,,,,,,,Chooze Size,44.5 EU | 10.5 US,,,,,Sat May 17 2025 19:17:36 GMT+0000 (Coordinated Universal Time),Thu Aug 07 2025 17:44:21 GMT+0000 (Coordinated Universal Time),Thu Aug 07 2025 17:44:21 GMT+0000 (Coordinated Universal Time)
648417e68dbd81f6440c3946,6828e0d0849cc5e55bb4e39b,648417e68dbd81f6440c3945,6828e0d200d93f05c1185e44,aryton-senna-f1-air-force-1-1,Aryton Senna F1 Air Force 1,Physical,,Sneakers,https://cdn.prod.website-files.com/648417e68dbd81f6440c3944/6820b7a472d31971c11900cf_1.jpg,,€200.00,,standard-taxable,,,true,,,,,,,Chooze Size,44 EU   | 10 US,,,,,Sat May 17 2025 19:17:36 GMT+0000 (Coordinated Universal Time),Thu Aug 07 2025 17:44:21 GMT+0000 (Coordinated Universal Time),Thu Aug 07 2025 17:44:21 GMT+0000 (Coordinated Universal Time)
648417e68dbd81f6440c3946,6828e0d0849cc5e55bb4e39b,648417e68dbd81f6440c3945,6828e0d200d93f05c1185e0f,aryton-senna-f1-air-force-1-1,Aryton Senna F1 Air Force 1,Physical,,Sneakers,https://cdn.prod.website-files.com/648417e68dbd81f6440c3944/6820b7a472d31971c11900cf_1.jpg,,€200.00,,standard-taxable,,,true,,,,,,,Chooze Size,38.5 EU | 7.5 US,,,,,Sat May 17 2025 19:17:36 GMT+0000 (Coordinated Universal Time),Thu Aug 07 2025 17:44:21 GMT+0000 (Coordinated Universal Time),Thu Aug 07 2025 17:44:21 GMT+0000 (Coordinated Universal Time)
648417e68dbd81f6440c3946,6828e0d0849cc5e55bb4e39b,648417e68dbd81f6440c3945,6828e0d200d93f05c1185e08,aryton-senna-f1-air-force-1-1,Aryton Senna F1 Air Force 1,Physical,,Sneakers,https://cdn.prod.website-files.com/648417e68dbd81f6440c3944/6820b7a472d31971c11900cf_1.jpg,,€200.00,,standard-taxable,,,true,,,,,,,Chooze Size,46 EU   | 12 US,,,,,Sat May 17 2025 19:17:36 GMT+0000 (Coordinated Universal Time),Thu Aug 07 2025 17:44:21 GMT+0000 (Coordinated Universal Time),Thu Aug 07 2025 17:44:21 GMT+0000 (Coordinated Universal Time)
648417e68dbd81f6440c3946,6828e0d0849cc5e55bb4e39b,648417e68dbd81f6440c3945,6828e0d100d93f05c1185d94,aryton-senna-f1-air-force-1-1,Aryton Senna F1 Air Force 1,Physical,,Sneakers,https://cdn.prod.website-files.com/648417e68dbd81f6440c3944/6820b7a472d31971c11900cf_1.jpg,,€200.00,,standard-taxable,,,true,,,,,,,Chooze Size,41 EU   | 8 US,,,,,Sat May 17 2025 19:17:36 GMT+0000 (Coordinated Universal Time),Thu Aug 07 2025 17:44:21 GMT+0000 (Coordinated Universal Time),Thu Aug 07 2025 17:44:21 GMT+0000 (Coordinated Universal Time)
648417e68dbd81f6440c3946,6828e0d0849cc5e55bb4e39b,648417e68dbd81f6440c3945,6828e0d100d93f05c1185d92,aryton-senna-f1-air-force-1-1,Aryton Senna F1 Air Force 1,Physical,,Sneakers,https://cdn.prod.website-files.com/648417e68dbd81f6440c3944/6820b7a472d31971c11900cf_1.jpg,,€200.00,,standard-taxable,,,true,,,,,,,Chooze Size,36 EU   | 5.5 US,,,,,Sat May 17 2025 19:17:36 GMT+0000 (Coordinated Universal Time),Thu Aug 07 2025 17:44:21 GMT+0000 (Coordinated Universal Time),Thu Aug 07 2025 17:44:21 GMT+0000 (Coordinated Universal Time)
648417e68dbd81f6440c3946,6828e0d0849cc5e55bb4e39b,648417e68dbd81f6440c3945,6828e0d100d93f05c1185d84,aryton-senna-f1-air-force-1-1,Aryton Senna F1 Air Force 1,Physical,,Sneakers,https://cdn.prod.website-files.com/648417e68dbd81f6440c3944/6820b7a472d31971c11900cf_1.jpg,,€200.00,,standard-taxable,,,true,,,,,,,Chooze Size,40 EU   | 7.5 US,,,,,Sat May 17 2025 19:17:36 GMT+0000 (Coordinated Universal Time),Thu Aug 07 2025 17:44:21 GMT+0000 (Coordinated Universal Time),Thu Aug 07 2025 17:44:21 GMT+0000 (Coordinated Universal Time)
648417e68dbd81f6440c3946,6828e0d0849cc5e55bb4e39b,648417e68dbd81f6440c3945,6828e0d100d93f05c1185d40,aryton-senna-f1-air-force-1-1,Aryton Senna F1 Air Force 1,Physical,,Sneakers,https://cdn.prod.website-files.com/648417e68dbd81f6440c3944/6820b7a472d31971c11900cf_1.jpg,,€200.00,,standard-taxable,,,true,,,,,,,Chooze Size,45.5 EU | 11.5 US,,,,,Sat May 17 2025 19:17:36 GMT+0000 (Coordinated Universal Time),Thu Aug 07 2025 17:44:21 GMT+0000 (Coordinated Universal Time),Thu Aug 07 2025 17:44:21 GMT+0000 (Coordinated Universal Time)
648417e68dbd81f6440c3946,6828e0d0849cc5e55bb4e39b,648417e68dbd81f6440c3945,6828e0d100d93f05c1185d3e,aryton-senna-f1-air-force-1-1,Aryton Senna F1 Air Force 1,Physical,,Sneakers,https://cdn.prod.website-files.com/648417e68dbd81f6440c3944/6820b7a472d31971c11900cf_1.jpg,,€200.00,,standard-taxable,,,true,,,,,,,Chooze Size,38 EU   | 7 US,,,,,Sat May 17 2025 19:17:36 GMT+0000 (Coordinated Universal Time),Thu Aug 07 2025 17:44:21 GMT+0000 (Coordinated Universal Time),Thu Aug 07 2025 17:44:21 GMT+0000 (Coordinated Universal Time)
648417e68dbd81f6440c3946,6828e0d0849cc5e55bb4e39b,648417e68dbd81f6440c3945,6828e0d100d93f05c1185cad,aryton-senna-f1-air-force-1-1,Aryton Senna F1 Air Force 1,Physical,,Sneakers,https://cdn.prod.website-files.com/648417e68dbd81f6440c3944/6820b7a472d31971c11900cf_1.jpg,,€200.00,,standard-taxable,,,true,,,,,,,Chooze Size,45 EU   | 11 US,,,,,Sat May 17 2025 19:17:36 GMT+0000 (Coordinated Universal Time),Thu Aug 07 2025 17:44:21 GMT+0000 (Coordinated Universal Time),Thu Aug 07 2025 17:44:21 GMT+0000 (Coordinated Universal Time)
648417e68dbd81f6440c3946,6828e0d0849cc5e55bb4e39b,648417e68dbd81f6440c3945,6828e0d100d93f05c1185cab,aryton-senna-f1-air-force-1-1,Aryton Senna F1 Air Force 1,Physical,,Sneakers,https://cdn.prod.website-files.com/648417e68dbd81f6440c3944/6820b7a472d31971c11900cf_1.jpg,,€200.00,,standard-taxable,,,true,,,,,,,Chooze Size,42 EU   | 8.5 US,,,,,Sat May 17 2025 19:17:36 GMT+0000 (Coordinated Universal Time),Thu Aug 07 2025 17:44:21 GMT+0000 (Coordinated Universal Time),Thu Aug 07 2025 17:44:21 GMT+0000 (Coordinated Universal Time)
648417e68dbd81f6440c3946,6828e0d0849cc5e55bb4e39b,648417e68dbd81f6440c3945,6828e0d100d93f05c1185ca9,aryton-senna-f1-air-force-1-1,Aryton Senna F1 Air Force 1,Physical,,Sneakers,https://cdn.prod.website-files.com/648417e68dbd81f6440c3944/6820b7a472d31971c11900cf_1.jpg,,€200.00,,standard-taxable,,,true,,,,,,,Chooze Size,39 EU   | 8 US,,,,,Sat May 17 2025 19:17:36 GMT+0000 (Coordinated Universal Time),Thu Aug 07 2025 17:44:21 GMT+0000 (Coordinated Universal Time),Thu Aug 07 2025 17:44:21 GMT+0000 (Coordinated Universal Time)
648417e68dbd81f6440c3946,6828e0d0849cc5e55bb4e39b,648417e68dbd81f6440c3945,6828e0d100d93f05c1185ca6,aryton-senna-f1-air-force-1-1,Aryton Senna F1 Air Force 1,Physical,,Sneakers,https://cdn.prod.website-files.com/648417e68dbd81f6440c3944/6820b7a472d31971c11900cf_1.jpg,,€200.00,,standard-taxable,,,true,,,,,,,Chooze Size,42.5 EU | 9 US,,,,,Sat May 17 2025 19:17:36 GMT+0000 (Coordinated Universal Time),Thu Aug 07 2025 17:44:21 GMT+0000 (Coordinated Universal Time),Thu Aug 07 2025 17:44:21 GMT+0000 (Coordinated Universal Time)
648417e68dbd81f6440c3946,6828e0d0849cc5e55bb4e39b,648417e68dbd81f6440c3945,6828e0d100d93f05c1185ca4,aryton-senna-f1-air-force-1-1,Aryton Senna F1 Air Force 1,Physical,,Sneakers,https://cdn.prod.website-files.com/648417e68dbd81f6440c3944/6820b7a472d31971c11900cf_1.jpg,,€200.00,,standard-taxable,,,true,,,,,,,Chooze Size,43 EU   | 9.5 US,,,,,Sat May 17 2025 19:17:36 GMT+0000 (Coordinated Universal Time),Thu Aug 07 2025 17:44:21 GMT+0000 (Coordinated Universal Time),Thu Aug 07 2025 17:44:21 GMT+0000 (Coordinated Universal Time)
648417e68dbd81f6440c3946,66fd5f93766f9835d572f5e2,648417e68dbd81f6440c3945,66fd5f96f6b4b5f3d15e316b,nike-air-force-1-supra-fnf,Nike Air Force 1 Brian O' Conner's Toyota Supra Fast & Furious,Physical,,Sneakers,https://cdn.prod.website-files.com/648417e68dbd81f6440c3944/66fd5f3e7f0a1b85fba7fc5b_Main.jpg,,€189.00,,standard-taxable,,,true,,,,,,,Choose size,40 EU | 7 US,,,,,Wed Oct 02 2024 14:58:27 GMT+0000 (Coordinated Universal Time),Thu Aug 07 2025 17:45:10 GMT+0000 (Coordinated Universal Time),Thu Aug 07 2025 17:45:10 GMT+0000 (Coordinated Universal Time)
648417e68dbd81f6440c3946,66fd5f93766f9835d572f5e2,648417e68dbd81f6440c3945,66fd5f96f6b4b5f3d15e308c,nike-air-force-1-supra-fnf,Nike Air Force 1 Brian O' Conner's Toyota Supra Fast & Furious,Physical,,Sneakers,https://cdn.prod.website-files.com/648417e68dbd81f6440c3944/66fd5f3e7f0a1b85fba7fc5b_Main.jpg,,€189.00,,standard-taxable,,,true,,,,,,,Choose size,43 EU | 9.5 US,,,,,Wed Oct 02 2024 14:58:27 GMT+0000 (Coordinated Universal Time),Thu Aug 07 2025 17:45:10 GMT+0000 (Coordinated Universal Time),Thu Aug 07 2025 17:45:10 GMT+0000 (Coordinated Universal Time)
648417e68dbd81f6440c3946,66fd5f93766f9835d572f5e2,648417e68dbd81f6440c3945,66fd5f96f6b4b5f3d15e3069,nike-air-force-1-supra-fnf,Nike Air Force 1 Brian O' Conner's Toyota Supra Fast & Furious,Physical,,Sneakers,https://cdn.prod.website-files.com/648417e68dbd81f6440c3944/66fd5f3e7f0a1b85fba7fc5b_Main.jpg,,€189.00,,standard-taxable,,,true,,,,,,,Choose size,46 EU | 12 US,,,,,Wed Oct 02 2024 14:58:27 GMT+0000 (Coordinated Universal Time),Thu Aug 07 2025 17:45:10 GMT+0000 (Coordinated Universal Time),Thu Aug 07 2025 17:45:10 GMT+0000 (Coordinated Universal Time)
648417e68dbd81f6440c3946,66fd5f93766f9835d572f5e2,648417e68dbd81f6440c3945,66fd5f95f6b4b5f3d15e3033,nike-air-force-1-supra-fnf,Nike Air Force 1 Brian O' Conner's Toyota Supra Fast & Furious,Physical,,Sneakers,https://cdn.prod.website-files.com/648417e68dbd81f6440c3944/66fd5f3e7f0a1b85fba7fc5b_Main.jpg,,€189.00,,standard-taxable,,,true,,,,,,,Choose size,44 EU | 10 US,,,,,Wed Oct 02 2024 14:58:27 GMT+0000 (Coordinated Universal Time),Thu Aug 07 2025 17:45:10 GMT+0000 (Coordinated Universal Time),Thu Aug 07 2025 17:45:10 GMT+0000 (Coordinated Universal Time)
648417e68dbd81f6440c3946,66fd5f93766f9835d572f5e2,648417e68dbd81f6440c3945,66fd5f95f6b4b5f3d15e3008,nike-air-force-1-supra-fnf,Nike Air Force 1 Brian O' Conner's Toyota Supra Fast & Furious,Physical,,Sneakers,https://cdn.prod.website-files.com/648417e68dbd81f6440c3944/66fd5f3e7f0a1b85fba7fc5b_Main.jpg,,€189.00,,standard-taxable,,,true,,,,,,,Choose size,45 EU | 11 US,,,,,Wed Oct 02 2024 14:58:27 GMT+0000 (Coordinated Universal Time),Thu Aug 07 2025 17:45:10 GMT+0000 (Coordinated Universal Time),Thu Aug 07 2025 17:45:10 GMT+0000 (Coordinated Universal Time)
648417e68dbd81f6440c3946,66fd5f93766f9835d572f5e2,648417e68dbd81f6440c3945,66fd5f95f6b4b5f3d15e2ffc,nike-air-force-1-supra-fnf,Nike Air Force 1 Brian O' Conner's Toyota Supra Fast & Furious,Physical,,Sneakers,https://cdn.prod.website-files.com/648417e68dbd81f6440c3944/66fd5f3e7f0a1b85fba7fc5b_Main.jpg,,€189.00,,standard-taxable,,,true,,,,,,,Choose size,41 EU | 8 US,,,,,Wed Oct 02 2024 14:58:27 GMT+0000 (Coordinated Universal Time),Thu Aug 07 2025 17:45:10 GMT+0000 (Coordinated Universal Time),Thu Aug 07 2025 17:45:10 GMT+0000 (Coordinated Universal Time)
648417e68dbd81f6440c3946,66fd5f93766f9835d572f5e2,648417e68dbd81f6440c3945,66fd5f95f6b4b5f3d15e2f2a,nike-air-force-1-supra-fnf,Nike Air Force 1 Brian O' Conner's Toyota Supra Fast & Furious,Physical,,Sneakers,https://cdn.prod.website-files.com/648417e68dbd81f6440c3944/66fd5f3e7f0a1b85fba7fc5b_Main.jpg,,€189.00,,standard-taxable,,,true,,,,,,,Choose size,38 EU | 5.5 US,,,,,Wed Oct 02 2024 14:58:27 GMT+0000 (Coordinated Universal Time),Thu Aug 07 2025 17:45:10 GMT+0000 (Coordinated Universal Time),Thu Aug 07 2025 17:45:10 GMT+0000 (Coordinated Universal Time)
648417e68dbd81f6440c3946,66fd5f93766f9835d572f5e2,648417e68dbd81f6440c3945,66fd5f95f6b4b5f3d15e2f26,nike-air-force-1-supra-fnf,Nike Air Force 1 Brian O' Conner's Toyota Supra Fast & Furious,Physical,,Sneakers,https://cdn.prod.website-files.com/648417e68dbd81f6440c3944/66fd5f3e7f0a1b85fba7fc5b_Main.jpg,,€189.00,,standard-taxable,,,true,,,,,,,Choose size,42 EU | 8.5 US,,,,,Wed Oct 02 2024 14:58:27 GMT+0000 (Coordinated Universal Time),Thu Aug 07 2025 17:45:10 GMT+0000 (Coordinated Universal Time),Thu Aug 07 2025 17:45:10 GMT+0000 (Coordinated Universal Time)
648417e68dbd81f6440c3946,66fd5f93766f9835d572f5e2,648417e68dbd81f6440c3945,66fd5f95f6b4b5f3d15e2f24,nike-air-force-1-supra-fnf,Nike Air Force 1 Brian O' Conner's Toyota Supra Fast & Furious,Physical,,Sneakers,https://cdn.prod.website-files.com/648417e68dbd81f6440c3944/66fd5f3e7f0a1b85fba7fc5b_Main.jpg,,€189.00,,standard-taxable,,,true,,,,,,,Choose size,37 EU | 5 US,,,,,Wed Oct 02 2024 14:58:27 GMT+0000 (Coordinated Universal Time),Thu Aug 07 2025 17:45:10 GMT+0000 (Coordinated Universal Time),Thu Aug 07 2025 17:45:10 GMT+0000 (Coordinated Universal Time)
648417e68dbd81f6440c3946,66fd5f93766f9835d572f5e2,648417e68dbd81f6440c3945,66fd5f95f6b4b5f3d15e2f22,nike-air-force-1-supra-fnf,Nike Air Force 1 Brian O' Conner's Toyota Supra Fast & Furious,Physical,,Sneakers,https://cdn.prod.website-files.com/648417e68dbd81f6440c3944/66fd5f3e7f0a1b85fba7fc5b_Main.jpg,,€189.00,,standard-taxable,,,true,,,,,,,Choose size,36 EU | 4 US,,,,,Wed Oct 02 2024 14:58:27 GMT+0000 (Coordinated Universal Time),Thu Aug 07 2025 17:45:10 GMT+0000 (Coordinated Universal Time),Thu Aug 07 2025 17:45:10 GMT+0000 (Coordinated Universal Time)
648417e68dbd81f6440c3946,66fd5f93766f9835d572f5e2,648417e68dbd81f6440c3945,66fd5f95f6b4b5f3d15e2f1e,nike-air-force-1-supra-fnf,Nike Air Force 1 Brian O' Conner's Toyota Supra Fast & Furious,Physical,,Sneakers,https://cdn.prod.website-files.com/648417e68dbd81f6440c3944/66fd5f3e7f0a1b85fba7fc5b_Main.jpg,,€189.00,,standard-taxable,,,true,,,,,,,Choose size,39 EU | 6.5 US,,,,,Wed Oct 02 2024 14:58:27 GMT+0000 (Coordinated Universal Time),Thu Aug 07 2025 17:45:10 GMT+0000 (Coordinated Universal Time),Thu Aug 07 2025 17:45:10 GMT+0000 (Coordinated Universal Time)
648417e68dbd81f6440c3946,65a52efeb54dfea4a6dd5728,648417e68dbd81f6440c3945,6752eb6f01fa82aeb7ffaa6f,nike-air-force-1-audi-rs,Nike Air Force 1 - Audi RS,Physical,"Inspirisane nemilosrdnim performansama Audijeve RS serije, one spajaju fantastičan dizajn sa duhom brzine! 🔥💯 Precizno izrađene za entuzijaste koji zahtevaju stil jednako oštar kao i njihov stil vožnje! Ove Custom Patike su savršen spoj luksuza i automobilske fantazije, čineći svaki korak izjavom automobilske izvrsnosti!🔥🔥
",Sneakers,https://cdn.prod.website-files.com/648417e68dbd81f6440c3944/672b5a8f49d64a75bdb5ba31_2site.jpg,,€170.00,,standard-taxable,,,true,,,,,,,Chooze size,45 EU   | 11 US,,,,,Mon Jan 15 2024 13:11:26 GMT+0000 (Coordinated Universal Time),Thu Aug 07 2025 17:47:15 GMT+0000 (Coordinated Universal Time),Thu Aug 07 2025 17:47:15 GMT+0000 (Coordinated Universal Time)
648417e68dbd81f6440c3946,65a52efeb54dfea4a6dd5728,648417e68dbd81f6440c3945,6752eb6ffa6a47810cdb5fbd,nike-air-force-1-audi-rs,Nike Air Force 1 - Audi RS,Physical,"Inspirisane nemilosrdnim performansama Audijeve RS serije, one spajaju fantastičan dizajn sa duhom brzine! 🔥💯 Precizno izrađene za entuzijaste koji zahtevaju stil jednako oštar kao i njihov stil vožnje! Ove Custom Patike su savršen spoj luksuza i automobilske fantazije, čineći svaki korak izjavom automobilske izvrsnosti!🔥🔥
",Sneakers,https://cdn.prod.website-files.com/648417e68dbd81f6440c3944/672b5a8f49d64a75bdb5ba31_2site.jpg,,€170.00,,standard-taxable,,,true,,,,,,,Chooze size,41 EU   | 8 US,,,,,Mon Jan 15 2024 13:11:26 GMT+0000 (Coordinated Universal Time),Thu Aug 07 2025 17:47:15 GMT+0000 (Coordinated Universal Time),Thu Aug 07 2025 17:47:15 GMT+0000 (Coordinated Universal Time)
648417e68dbd81f6440c3946,65a52efeb54dfea4a6dd5728,648417e68dbd81f6440c3945,6752eb6f3c367b15a2daced7,nike-air-force-1-audi-rs,Nike Air Force 1 - Audi RS,Physical,"Inspirisane nemilosrdnim performansama Audijeve RS serije, one spajaju fantastičan dizajn sa duhom brzine! 🔥💯 Precizno izrađene za entuzijaste koji zahtevaju stil jednako oštar kao i njihov stil vožnje! Ove Custom Patike su savršen spoj luksuza i automobilske fantazije, čineći svaki korak izjavom automobilske izvrsnosti!🔥🔥
",Sneakers,https://cdn.prod.website-files.com/648417e68dbd81f6440c3944/672b5a8f49d64a75bdb5ba31_2site.jpg,,€170.00,,standard-taxable,,,true,,,,,,,Chooze size,39 EU   | 8 US,,,,,Mon Jan 15 2024 13:11:26 GMT+0000 (Coordinated Universal Time),Thu Aug 07 2025 17:47:15 GMT+0000 (Coordinated Universal Time),Thu Aug 07 2025 17:47:15 GMT+0000 (Coordinated Universal Time)
648417e68dbd81f6440c3946,65a52efeb54dfea4a6dd5728,648417e68dbd81f6440c3945,6752eb6fbba485c8be75b29e,nike-air-force-1-audi-rs,Nike Air Force 1 - Audi RS,Physical,"Inspirisane nemilosrdnim performansama Audijeve RS serije, one spajaju fantastičan dizajn sa duhom brzine! 🔥💯 Precizno izrađene za entuzijaste koji zahtevaju stil jednako oštar kao i njihov stil vožnje! Ove Custom Patike su savršen spoj luksuza i automobilske fantazije, čineći svaki korak izjavom automobilske izvrsnosti!🔥🔥
",Sneakers,https://cdn.prod.website-files.com/648417e68dbd81f6440c3944/672b5a8f49d64a75bdb5ba31_2site.jpg,,€170.00,,standard-taxable,,,true,,,,,,,Chooze size,37.5 EU | 6.5 US,,,,,Mon Jan 15 2024 13:11:26 GMT+0000 (Coordinated Universal Time),Thu Aug 07 2025 17:47:15 GMT+0000 (Coordinated Universal Time),Thu Aug 07 2025 17:47:15 GMT+0000 (Coordinated Universal Time)
648417e68dbd81f6440c3946,65a52efeb54dfea4a6dd5728,648417e68dbd81f6440c3945,6752eb6f6eba80a169cc83ce,nike-air-force-1-audi-rs,Nike Air Force 1 - Audi RS,Physical,"Inspirisane nemilosrdnim performansama Audijeve RS serije, one spajaju fantastičan dizajn sa duhom brzine! 🔥💯 Precizno izrađene za entuzijaste koji zahtevaju stil jednako oštar kao i njihov stil vožnje! Ove Custom Patike su savršen spoj luksuza i automobilske fantazije, čineći svaki korak izjavom automobilske izvrsnosti!🔥🔥
",Sneakers,https://cdn.prod.website-files.com/648417e68dbd81f6440c3944/672b5a8f49d64a75bdb5ba31_2site.jpg,,€170.00,,standard-taxable,,,true,,,,,,,Chooze size,44.5 EU | 10.5 US,,,,,Mon Jan 15 2024 13:11:26 GMT+0000 (Coordinated Universal Time),Thu Aug 07 2025 17:47:15 GMT+0000 (Coordinated Universal Time),Thu Aug 07 2025 17:47:15 GMT+0000 (Coordinated Universal Time)
648417e68dbd81f6440c3946,65a52efeb54dfea4a6dd5728,648417e68dbd81f6440c3945,6752eb6fffd8a07539d51eb4,nike-air-force-1-audi-rs,Nike Air Force 1 - Audi RS,Physical,"Inspirisane nemilosrdnim performansama Audijeve RS serije, one spajaju fantastičan dizajn sa duhom brzine! 🔥💯 Precizno izrađene za entuzijaste koji zahtevaju stil jednako oštar kao i njihov stil vožnje! Ove Custom Patike su savršen spoj luksuza i automobilske fantazije, čineći svaki korak izjavom automobilske izvrsnosti!🔥🔥
",Sneakers,https://cdn.prod.website-files.com/648417e68dbd81f6440c3944/672b5a8f49d64a75bdb5ba31_2site.jpg,,€170.00,,standard-taxable,,,true,,,,,,,Chooze size,36.5 EU | 6 US,,,,,Mon Jan 15 2024 13:11:26 GMT+0000 (Coordinated Universal Time),Thu Aug 07 2025 17:47:15 GMT+0000 (Coordinated Universal Time),Thu Aug 07 2025 17:47:15 GMT+0000 (Coordinated Universal Time)
648417e68dbd81f6440c3946,65a52efeb54dfea4a6dd5728,648417e68dbd81f6440c3945,6752eb6fa9064615f20c30f6,nike-air-force-1-audi-rs,Nike Air Force 1 - Audi RS,Physical,"Inspirisane nemilosrdnim performansama Audijeve RS serije, one spajaju fantastičan dizajn sa duhom brzine! 🔥💯 Precizno izrađene za entuzijaste koji zahtevaju stil jednako oštar kao i njihov stil vožnje! Ove Custom Patike su savršen spoj luksuza i automobilske fantazije, čineći svaki korak izjavom automobilske izvrsnosti!🔥🔥
",Sneakers,https://cdn.prod.website-files.com/648417e68dbd81f6440c3944/672b5a8f49d64a75bdb5ba31_2site.jpg,,€170.00,,standard-taxable,,,true,,,,,,,Chooze size,42 EU   | 8.5 US,,,,,Mon Jan 15 2024 13:11:26 GMT+0000 (Coordinated Universal Time),Thu Aug 07 2025 17:47:15 GMT+0000 (Coordinated Universal Time),Thu Aug 07 2025 17:47:15 GMT+0000 (Coordinated Universal Time)
648417e68dbd81f6440c3946,65a52efeb54dfea4a6dd5728,648417e68dbd81f6440c3945,6752eb6e0ee4f0e45187ec86,nike-air-force-1-audi-rs,Nike Air Force 1 - Audi RS,Physical,"Inspirisane nemilosrdnim performansama Audijeve RS serije, one spajaju fantastičan dizajn sa duhom brzine! 🔥💯 Precizno izrađene za entuzijaste koji zahtevaju stil jednako oštar kao i njihov stil vožnje! Ove Custom Patike su savršen spoj luksuza i automobilske fantazije, čineći svaki korak izjavom automobilske izvrsnosti!🔥🔥
",Sneakers,https://cdn.prod.website-files.com/648417e68dbd81f6440c3944/672b5a8f49d64a75bdb5ba31_2site.jpg,,€170.00,,standard-taxable,,,true,,,,,,,Chooze size,45.5 EU | 11.5 US,,,,,Mon Jan 15 2024 13:11:26 GMT+0000 (Coordinated Universal Time),Thu Aug 07 2025 17:47:15 GMT+0000 (Coordinated Universal Time),Thu Aug 07 2025 17:47:15 GMT+0000 (Coordinated Universal Time)
648417e68dbd81f6440c3946,65a52efeb54dfea4a6dd5728,648417e68dbd81f6440c3945,6752eb6e21c9aed7129faf36,nike-air-force-1-audi-rs,Nike Air Force 1 - Audi RS,Physical,"Inspirisane nemilosrdnim performansama Audijeve RS serije, one spajaju fantastičan dizajn sa duhom brzine! 🔥💯 Precizno izrađene za entuzijaste koji zahtevaju stil jednako oštar kao i njihov stil vožnje! Ove Custom Patike su savršen spoj luksuza i automobilske fantazije, čineći svaki korak izjavom automobilske izvrsnosti!🔥🔥
",Sneakers,https://cdn.prod.website-files.com/648417e68dbd81f6440c3944/672b5a8f49d64a75bdb5ba31_2site.jpg,,€170.00,,standard-taxable,,,true,,,,,,,Chooze size,40 EU   | 7.5 US,,,,,Mon Jan 15 2024 13:11:26 GMT+0000 (Coordinated Universal Time),Thu Aug 07 2025 17:47:15 GMT+0000 (Coordinated Universal Time),Thu Aug 07 2025 17:47:15 GMT+0000 (Coordinated Universal Time)
648417e68dbd81f6440c3946,65a52efeb54dfea4a6dd5728,648417e68dbd81f6440c3945,6752eb6ee9170e0861f12c1e,nike-air-force-1-audi-rs,Nike Air Force 1 - Audi RS,Physical,"Inspirisane nemilosrdnim performansama Audijeve RS serije, one spajaju fantastičan dizajn sa duhom brzine! 🔥💯 Precizno izrađene za entuzijaste koji zahtevaju stil jednako oštar kao i njihov stil vožnje! Ove Custom Patike su savršen spoj luksuza i automobilske fantazije, čineći svaki korak izjavom automobilske izvrsnosti!🔥🔥
",Sneakers,https://cdn.prod.website-files.com/648417e68dbd81f6440c3944/672b5a8f49d64a75bdb5ba31_2site.jpg,,€170.00,,standard-taxable,,,true,,,,,,,Chooze size,44 EU   | 10 US,,,,,Mon Jan 15 2024 13:11:26 GMT+0000 (Coordinated Universal Time),Thu Aug 07 2025 17:47:15 GMT+0000 (Coordinated Universal Time),Thu Aug 07 2025 17:47:15 GMT+0000 (Coordinated Universal Time)
648417e68dbd81f6440c3946,65a52efeb54dfea4a6dd5728,648417e68dbd81f6440c3945,6752eb6e08e4f81f8a75209f,nike-air-force-1-audi-rs,Nike Air Force 1 - Audi RS,Physical,"Inspirisane nemilosrdnim performansama Audijeve RS serije, one spajaju fantastičan dizajn sa duhom brzine! 🔥💯 Precizno izrađene za entuzijaste koji zahtevaju stil jednako oštar kao i njihov stil vožnje! Ove Custom Patike su savršen spoj luksuza i automobilske fantazije, čineći svaki korak izjavom automobilske izvrsnosti!🔥🔥
",Sneakers,https://cdn.prod.website-files.com/648417e68dbd81f6440c3944/672b5a8f49d64a75bdb5ba31_2site.jpg,,€170.00,,standard-taxable,,,true,,,,,,,Chooze size,38 EU   | 7 US,,,,,Mon Jan 15 2024 13:11:26 GMT+0000 (Coordinated Universal Time),Thu Aug 07 2025 17:47:15 GMT+0000 (Coordinated Universal Time),Thu Aug 07 2025 17:47:15 GMT+0000 (Coordinated Universal Time)
648417e68dbd81f6440c3946,65a52efeb54dfea4a6dd5728,648417e68dbd81f6440c3945,6752eb6e84fc1bb6ccde9598,nike-air-force-1-audi-rs,Nike Air Force 1 - Audi RS,Physical,"Inspirisane nemilosrdnim performansama Audijeve RS serije, one spajaju fantastičan dizajn sa duhom brzine! 🔥💯 Precizno izrađene za entuzijaste koji zahtevaju stil jednako oštar kao i njihov stil vožnje! Ove Custom Patike su savršen spoj luksuza i automobilske fantazije, čineći svaki korak izjavom automobilske izvrsnosti!🔥🔥
",Sneakers,https://cdn.prod.website-files.com/648417e68dbd81f6440c3944/672b5a8f49d64a75bdb5ba31_2site.jpg,,€170.00,,standard-taxable,,,true,,,,,,,Chooze size,38.5 EU | 7.5 US,,,,,Mon Jan 15 2024 13:11:26 GMT+0000 (Coordinated Universal Time),Thu Aug 07 2025 17:47:15 GMT+0000 (Coordinated Universal Time),Thu Aug 07 2025 17:47:15 GMT+0000 (Coordinated Universal Time)
648417e68dbd81f6440c3946,65a52efeb54dfea4a6dd5728,648417e68dbd81f6440c3945,6752eb6e167f5f08a9a442d5,nike-air-force-1-audi-rs,Nike Air Force 1 - Audi RS,Physical,"Inspirisane nemilosrdnim performansama Audijeve RS serije, one spajaju fantastičan dizajn sa duhom brzine! 🔥💯 Precizno izrađene za entuzijaste koji zahtevaju stil jednako oštar kao i njihov stil vožnje! Ove Custom Patike su savršen spoj luksuza i automobilske fantazije, čineći svaki korak izjavom automobilske izvrsnosti!🔥🔥
",Sneakers,https://cdn.prod.website-files.com/648417e68dbd81f6440c3944/672b5a8f49d64a75bdb5ba31_2site.jpg,,€170.00,,standard-taxable,,,true,,,,,,,Chooze size,43 EU   | 9.5 US,,,,,Mon Jan 15 2024 13:11:26 GMT+0000 (Coordinated Universal Time),Thu Aug 07 2025 17:47:15 GMT+0000 (Coordinated Universal Time),Thu Aug 07 2025 17:47:15 GMT+0000 (Coordinated Universal Time)
648417e68dbd81f6440c3946,65a52efeb54dfea4a6dd5728,648417e68dbd81f6440c3945,6752eb6e5afd5d60c3201150,nike-air-force-1-audi-rs,Nike Air Force 1 - Audi RS,Physical,"Inspirisane nemilosrdnim performansama Audijeve RS serije, one spajaju fantastičan dizajn sa duhom brzine! 🔥💯 Precizno izrađene za entuzijaste koji zahtevaju stil jednako oštar kao i njihov stil vožnje! Ove Custom Patike su savršen spoj luksuza i automobilske fantazije, čineći svaki korak izjavom automobilske izvrsnosti!🔥🔥
",Sneakers,https://cdn.prod.website-files.com/648417e68dbd81f6440c3944/672b5a8f49d64a75bdb5ba31_2site.jpg,,€170.00,,standard-taxable,,,true,,,,,,,Chooze size,42.5 EU | 9 US,,,,,Mon Jan 15 2024 13:11:26 GMT+0000 (Coordinated Universal Time),Thu Aug 07 2025 17:47:15 GMT+0000 (Coordinated Universal Time),Thu Aug 07 2025 17:47:15 GMT+0000 (Coordinated Universal Time)
648417e68dbd81f6440c3946,65a52efeb54dfea4a6dd5728,648417e68dbd81f6440c3945,6752eb6e167f5f08a9a4428b,nike-air-force-1-audi-rs,Nike Air Force 1 - Audi RS,Physical,"Inspirisane nemilosrdnim performansama Audijeve RS serije, one spajaju fantastičan dizajn sa duhom brzine! 🔥💯 Precizno izrađene za entuzijaste koji zahtevaju stil jednako oštar kao i njihov stil vožnje! Ove Custom Patike su savršen spoj luksuza i automobilske fantazije, čineći svaki korak izjavom automobilske izvrsnosti!🔥🔥
",Sneakers,https://cdn.prod.website-files.com/648417e68dbd81f6440c3944/672b5a8f49d64a75bdb5ba31_2site.jpg,,€170.00,,standard-taxable,,,true,,,,,,,Chooze size,46 EU   | 12 US,,,,,Mon Jan 15 2024 13:11:26 GMT+0000 (Coordinated Universal Time),Thu Aug 07 2025 17:47:15 GMT+0000 (Coordinated Universal Time),Thu Aug 07 2025 17:47:15 GMT+0000 (Coordinated Universal Time)
648417e68dbd81f6440c3946,65a52efeb54dfea4a6dd5728,648417e68dbd81f6440c3945,65a52f01384771b2a571eb07,nike-air-force-1-audi-rs,Nike Air Force 1 - Audi RS,Physical,"Inspirisane nemilosrdnim performansama Audijeve RS serije, one spajaju fantastičan dizajn sa duhom brzine! 🔥💯 Precizno izrađene za entuzijaste koji zahtevaju stil jednako oštar kao i njihov stil vožnje! Ove Custom Patike su savršen spoj luksuza i automobilske fantazije, čineći svaki korak izjavom automobilske izvrsnosti!🔥🔥
",Sneakers,https://cdn.prod.website-files.com/648417e68dbd81f6440c3944/672b5a8f49d64a75bdb5ba31_2site.jpg,,€170.00,,standard-taxable,,,true,,,,,,,Chooze size,36 EU   | 5.5 US,,,,,Mon Jan 15 2024 13:11:26 GMT+0000 (Coordinated Universal Time),Thu Aug 07 2025 17:47:15 GMT+0000 (Coordinated Universal Time),Thu Aug 07 2025 17:47:15 GMT+0000 (Coordinated Universal Time)
648417e68dbd81f6440c3946,6828cf3679fb1a05bf4ee471,648417e68dbd81f6440c3945,6828d03ad8c30949b2b57859,lui-vuitton-air-force-1,Lui Vuitton Air Force 1,Physical,,Sneakers,https://cdn.prod.website-files.com/648417e68dbd81f6440c3944/6828ce0db42d35f376a3bea4_Main.jpg,,€190.00,,standard-taxable,,,true,,,,,,,Chooze Size,39 EU   | 8 US,,,,,Sat May 17 2025 18:02:30 GMT+0000 (Coordinated Universal Time),Thu Aug 07 2025 17:48:41 GMT+0000 (Coordinated Universal Time),Thu Aug 07 2025 17:48:41 GMT+0000 (Coordinated Universal Time)
648417e68dbd81f6440c3946,6828cf3679fb1a05bf4ee471,648417e68dbd81f6440c3945,6828d039651dd130fe17d9b4,lui-vuitton-air-force-1,Lui Vuitton Air Force 1,Physical,,Sneakers,https://cdn.prod.website-files.com/648417e68dbd81f6440c3944/6828ce0db42d35f376a3bea4_Main.jpg,,€190.00,,standard-taxable,,,true,,,,,,,Chooze Size,44 EU   | 10 US,,,,,Sat May 17 2025 18:02:30 GMT+0000 (Coordinated Universal Time),Thu Aug 07 2025 17:48:41 GMT+0000 (Coordinated Universal Time),Thu Aug 07 2025 17:48:41 GMT+0000 (Coordinated Universal Time)
648417e68dbd81f6440c3946,6828cf3679fb1a05bf4ee471,648417e68dbd81f6440c3945,6828d039e9d5617fb8f0e57f,lui-vuitton-air-force-1,Lui Vuitton Air Force 1,Physical,,Sneakers,https://cdn.prod.website-files.com/648417e68dbd81f6440c3944/6828ce0db42d35f376a3bea4_Main.jpg,,€190.00,,standard-taxable,,,true,,,,,,,Chooze Size,46 EU   | 12 US,,,,,Sat May 17 2025 18:02:30 GMT+0000 (Coordinated Universal Time),Thu Aug 07 2025 17:48:41 GMT+0000 (Coordinated Universal Time),Thu Aug 07 2025 17:48:41 GMT+0000 (Coordinated Universal Time)
648417e68dbd81f6440c3946,6828cf3679fb1a05bf4ee471,648417e68dbd81f6440c3945,6828d0394650440bc7bde0bd,lui-vuitton-air-force-1,Lui Vuitton Air Force 1,Physical,,Sneakers,https://cdn.prod.website-files.com/648417e68dbd81f6440c3944/6828ce0db42d35f376a3bea4_Main.jpg,,€190.00,,standard-taxable,,,true,,,,,,,Chooze Size,41 EU   | 8 US,,,,,Sat May 17 2025 18:02:30 GMT+0000 (Coordinated Universal Time),Thu Aug 07 2025 17:48:41 GMT+0000 (Coordinated Universal Time),Thu Aug 07 2025 17:48:41 GMT+0000 (Coordinated Universal Time)
648417e68dbd81f6440c3946,6828cf3679fb1a05bf4ee471,648417e68dbd81f6440c3945,6828d039292840b5a7eb0863,lui-vuitton-air-force-1,Lui Vuitton Air Force 1,Physical,,Sneakers,https://cdn.prod.website-files.com/648417e68dbd81f6440c3944/6828ce0db42d35f376a3bea4_Main.jpg,,€190.00,,standard-taxable,,,true,,,,,,,Chooze Size,42 EU   | 8.5 US,,,,,Sat May 17 2025 18:02:30 GMT+0000 (Coordinated Universal Time),Thu Aug 07 2025 17:48:41 GMT+0000 (Coordinated Universal Time),Thu Aug 07 2025 17:48:41 GMT+0000 (Coordinated Universal Time)
648417e68dbd81f6440c3946,6828cf3679fb1a05bf4ee471,648417e68dbd81f6440c3945,6828d039190b837d7dbb436a,lui-vuitton-air-force-1,Lui Vuitton Air Force 1,Physical,,Sneakers,https://cdn.prod.website-files.com/648417e68dbd81f6440c3944/6828ce0db42d35f376a3bea4_Main.jpg,,€190.00,,standard-taxable,,,true,,,,,,,Chooze Size,37.5 EU | 6.5 US,,,,,Sat May 17 2025 18:02:30 GMT+0000 (Coordinated Universal Time),Thu Aug 07 2025 17:48:41 GMT+0000 (Coordinated Universal Time),Thu Aug 07 2025 17:48:41 GMT+0000 (Coordinated Universal Time)
648417e68dbd81f6440c3946,6828cf3679fb1a05bf4ee471,648417e68dbd81f6440c3945,6828d039ac8c8f27569cd82f,lui-vuitton-air-force-1,Lui Vuitton Air Force 1,Physical,,Sneakers,https://cdn.prod.website-files.com/648417e68dbd81f6440c3944/6828ce0db42d35f376a3bea4_Main.jpg,,€190.00,,standard-taxable,,,true,,,,,,,Chooze Size,43 EU   | 9.5 US,,,,,Sat May 17 2025 18:02:30 GMT+0000 (Coordinated Universal Time),Thu Aug 07 2025 17:48:41 GMT+0000 (Coordinated Universal Time),Thu Aug 07 2025 17:48:41 GMT+0000 (Coordinated Universal Time)
648417e68dbd81f6440c3946,6828cf3679fb1a05bf4ee471,648417e68dbd81f6440c3945,6828d039379497ff576d5a32,lui-vuitton-air-force-1,Lui Vuitton Air Force 1,Physical,,Sneakers,https://cdn.prod.website-files.com/648417e68dbd81f6440c3944/6828ce0db42d35f376a3bea4_Main.jpg,,€190.00,,standard-taxable,,,true,,,,,,,Chooze Size,44.5 EU | 10.5 US,,,,,Sat May 17 2025 18:02:30 GMT+0000 (Coordinated Universal Time),Thu Aug 07 2025 17:48:41 GMT+0000 (Coordinated Universal Time),Thu Aug 07 2025 17:48:41 GMT+0000 (Coordinated Universal Time)
648417e68dbd81f6440c3946,6828cf3679fb1a05bf4ee471,648417e68dbd81f6440c3945,6828d039baf4081875384539,lui-vuitton-air-force-1,Lui Vuitton Air Force 1,Physical,,Sneakers,https://cdn.prod.website-files.com/648417e68dbd81f6440c3944/6828ce0db42d35f376a3bea4_Main.jpg,,€190.00,,standard-taxable,,,true,,,,,,,Chooze Size,45 EU   | 11 US,,,,,Sat May 17 2025 18:02:30 GMT+0000 (Coordinated Universal Time),Thu Aug 07 2025 17:48:41 GMT+0000 (Coordinated Universal Time),Thu Aug 07 2025 17:48:41 GMT+0000 (Coordinated Universal Time)
648417e68dbd81f6440c3946,6828cf3679fb1a05bf4ee471,648417e68dbd81f6440c3945,6828d039d3a0dcb9ecf33a2c,lui-vuitton-air-force-1,Lui Vuitton Air Force 1,Physical,,Sneakers,https://cdn.prod.website-files.com/648417e68dbd81f6440c3944/6828ce0db42d35f376a3bea4_Main.jpg,,€190.00,,standard-taxable,,,true,,,,,,,Chooze Size,38 EU   | 7 US,,,,,Sat May 17 2025 18:02:30 GMT+0000 (Coordinated Universal Time),Thu Aug 07 2025 17:48:41 GMT+0000 (Coordinated Universal Time),Thu Aug 07 2025 17:48:41 GMT+0000 (Coordinated Universal Time)
648417e68dbd81f6440c3946,6828cf3679fb1a05bf4ee471,648417e68dbd81f6440c3945,6828d039292840b5a7eb0838,lui-vuitton-air-force-1,Lui Vuitton Air Force 1,Physical,,Sneakers,https://cdn.prod.website-files.com/648417e68dbd81f6440c3944/6828ce0db42d35f376a3bea4_Main.jpg,,€190.00,,standard-taxable,,,true,,,,,,,Chooze Size,40 EU   | 7.5 US,,,,,Sat May 17 2025 18:02:30 GMT+0000 (Coordinated Universal Time),Thu Aug 07 2025 17:48:41 GMT+0000 (Coordinated Universal Time),Thu Aug 07 2025 17:48:41 GMT+0000 (Coordinated Universal Time)
648417e68dbd81f6440c3946,6828cf3679fb1a05bf4ee471,648417e68dbd81f6440c3945,6828d0395e374f01d846f17c,lui-vuitton-air-force-1,Lui Vuitton Air Force 1,Physical,,Sneakers,https://cdn.prod.website-files.com/648417e68dbd81f6440c3944/6828ce0db42d35f376a3bea4_Main.jpg,,€190.00,,standard-taxable,,,true,,,,,,,Chooze Size,38.5 EU | 7.5 US,,,,,Sat May 17 2025 18:02:30 GMT+0000 (Coordinated Universal Time),Thu Aug 07 2025 17:48:41 GMT+0000 (Coordinated Universal Time),Thu Aug 07 2025 17:48:41 GMT+0000 (Coordinated Universal Time)
648417e68dbd81f6440c3946,6828cf3679fb1a05bf4ee471,648417e68dbd81f6440c3945,6828d039d3a0dcb9ecf33a16,lui-vuitton-air-force-1,Lui Vuitton Air Force 1,Physical,,Sneakers,https://cdn.prod.website-files.com/648417e68dbd81f6440c3944/6828ce0db42d35f376a3bea4_Main.jpg,,€190.00,,standard-taxable,,,true,,,,,,,Chooze Size,45.5 EU | 11.5 US,,,,,Sat May 17 2025 18:02:30 GMT+0000 (Coordinated Universal Time),Thu Aug 07 2025 17:48:41 GMT+0000 (Coordinated Universal Time),Thu Aug 07 2025 17:48:41 GMT+0000 (Coordinated Universal Time)
648417e68dbd81f6440c3946,6828cf3679fb1a05bf4ee471,648417e68dbd81f6440c3945,6828d03944e1908b2e3cb76e,lui-vuitton-air-force-1,Lui Vuitton Air Force 1,Physical,,Sneakers,https://cdn.prod.website-files.com/648417e68dbd81f6440c3944/6828ce0db42d35f376a3bea4_Main.jpg,,€190.00,,standard-taxable,,,true,,,,,,,Chooze Size,42.5 EU | 9 US,,,,,Sat May 17 2025 18:02:30 GMT+0000 (Coordinated Universal Time),Thu Aug 07 2025 17:48:41 GMT+0000 (Coordinated Universal Time),Thu Aug 07 2025 17:48:41 GMT+0000 (Coordinated Universal Time)
648417e68dbd81f6440c3946,6828cf3679fb1a05bf4ee471,648417e68dbd81f6440c3945,6828cf3700d93f05c10f7b38,lui-vuitton-air-force-1,Lui Vuitton Air Force 1,Physical,,Sneakers,https://cdn.prod.website-files.com/648417e68dbd81f6440c3944/6828ce0db42d35f376a3bea4_Main.jpg,,€190.00,,standard-taxable,,,true,,,,,,,Chooze Size,36 EU   | 5.5 US,,,,,Sat May 17 2025 18:02:30 GMT+0000 (Coordinated Universal Time),Thu Aug 07 2025 17:48:41 GMT+0000 (Coordinated Universal Time),Thu Aug 07 2025 17:48:41 GMT+0000 (Coordinated Universal Time)
648417e68dbd81f6440c3946,68bfe5918ce1e443202d7bf2,648417e68dbd81f6440c3945,68bfe593569c7ef0688bbfcb,bmw-m-air-force-1-custom,BMW M Air force 1 custom,Physical,,Sneakers,https://cdn.prod.website-files.com/648417e68dbd81f6440c3944/68bfe4b3948df2dcd714ff15_Main.jpg,,€180.00,,standard-taxable,,,true,,,,,,,Chooze Size,36.5 EU | 6 US,,,,,Tue Sep 09 2025 08:30:09 GMT+0000 (Coordinated Universal Time),Tue Sep 09 2025 08:30:12 GMT+0000 (Coordinated Universal Time),Tue Sep 09 2025 08:30:28 GMT+0000 (Coordinated Universal Time)
648417e68dbd81f6440c3946,68bfe5918ce1e443202d7bf2,648417e68dbd81f6440c3945,68bfe593569c7ef0688bbfa6,bmw-m-air-force-1-custom,BMW M Air force 1 custom,Physical,,Sneakers,https://cdn.prod.website-files.com/648417e68dbd81f6440c3944/68bfe4b3948df2dcd714ff15_Main.jpg,,€180.00,,standard-taxable,,,true,,,,,,,Chooze Size,38.5 EU | 7.5 US,,,,,Tue Sep 09 2025 08:30:09 GMT+0000 (Coordinated Universal Time),Tue Sep 09 2025 08:30:12 GMT+0000 (Coordinated Universal Time),Tue Sep 09 2025 08:30:28 GMT+0000 (Coordinated Universal Time)
648417e68dbd81f6440c3946,68bfe5918ce1e443202d7bf2,648417e68dbd81f6440c3945,68bfe593569c7ef0688bbf83,bmw-m-air-force-1-custom,BMW M Air force 1 custom,Physical,,Sneakers,https://cdn.prod.website-files.com/648417e68dbd81f6440c3944/68bfe4b3948df2dcd714ff15_Main.jpg,,€180.00,,standard-taxable,,,true,,,,,,,Chooze Size,42 EU   | 8.5 US,,,,,Tue Sep 09 2025 08:30:09 GMT+0000 (Coordinated Universal Time),Tue Sep 09 2025 08:30:12 GMT+0000 (Coordinated Universal Time),Tue Sep 09 2025 08:30:28 GMT+0000 (Coordinated Universal Time)
648417e68dbd81f6440c3946,68bfe5918ce1e443202d7bf2,648417e68dbd81f6440c3945,68bfe593569c7ef0688bbf76,bmw-m-air-force-1-custom,BMW M Air force 1 custom,Physical,,Sneakers,https://cdn.prod.website-files.com/648417e68dbd81f6440c3944/68bfe4b3948df2dcd714ff15_Main.jpg,,€180.00,,standard-taxable,,,true,,,,,,,Chooze Size,40 EU   | 7.5 US,,,,,Tue Sep 09 2025 08:30:09 GMT+0000 (Coordinated Universal Time),Tue Sep 09 2025 08:30:12 GMT+0000 (Coordinated Universal Time),Tue Sep 09 2025 08:30:28 GMT+0000 (Coordinated Universal Time)
648417e68dbd81f6440c3946,68bfe5918ce1e443202d7bf2,648417e68dbd81f6440c3945,68bfe593569c7ef0688bbf73,bmw-m-air-force-1-custom,BMW M Air force 1 custom,Physical,,Sneakers,https://cdn.prod.website-files.com/648417e68dbd81f6440c3944/68bfe4b3948df2dcd714ff15_Main.jpg,,€180.00,,standard-taxable,,,true,,,,,,,Chooze Size,38 EU   | 7 US,,,,,Tue Sep 09 2025 08:30:09 GMT+0000 (Coordinated Universal Time),Tue Sep 09 2025 08:30:12 GMT+0000 (Coordinated Universal Time),Tue Sep 09 2025 08:30:28 GMT+0000 (Coordinated Universal Time)
648417e68dbd81f6440c3946,68bfe5918ce1e443202d7bf2,648417e68dbd81f6440c3945,68bfe593569c7ef0688bbf2a,bmw-m-air-force-1-custom,BMW M Air force 1 custom,Physical,,Sneakers,https://cdn.prod.website-files.com/648417e68dbd81f6440c3944/68bfe4b3948df2dcd714ff15_Main.jpg,,€180.00,,standard-taxable,,,true,,,,,,,Chooze Size,39 EU   | 8 US,,,,,Tue Sep 09 2025 08:30:09 GMT+0000 (Coordinated Universal Time),Tue Sep 09 2025 08:30:12 GMT+0000 (Coordinated Universal Time),Tue Sep 09 2025 08:30:28 GMT+0000 (Coordinated Universal Time)
648417e68dbd81f6440c3946,68bfe5918ce1e443202d7bf2,648417e68dbd81f6440c3945,68bfe593569c7ef0688bbee2,bmw-m-air-force-1-custom,BMW M Air force 1 custom,Physical,,Sneakers,https://cdn.prod.website-files.com/648417e68dbd81f6440c3944/68bfe4b3948df2dcd714ff15_Main.jpg,,€180.00,,standard-taxable,,,true,,,,,,,Chooze Size,41 EU   | 8 US,,,,,Tue Sep 09 2025 08:30:09 GMT+0000 (Coordinated Universal Time),Tue Sep 09 2025 08:30:12 GMT+0000 (Coordinated Universal Time),Tue Sep 09 2025 08:30:28 GMT+0000 (Coordinated Universal Time)
648417e68dbd81f6440c3946,68bfe5918ce1e443202d7bf2,648417e68dbd81f6440c3945,68bfe593569c7ef0688bbece,bmw-m-air-force-1-custom,BMW M Air force 1 custom,Physical,,Sneakers,https://cdn.prod.website-files.com/648417e68dbd81f6440c3944/68bfe4b3948df2dcd714ff15_Main.jpg,,€180.00,,standard-taxable,,,true,,,,,,,Chooze Size,45.5 EU | 11.5 US,,,,,Tue Sep 09 2025 08:30:09 GMT+0000 (Coordinated Universal Time),Tue Sep 09 2025 08:30:12 GMT+0000 (Coordinated Universal Time),Tue Sep 09 2025 08:30:28 GMT+0000 (Coordinated Universal Time)
648417e68dbd81f6440c3946,68bfe5918ce1e443202d7bf2,648417e68dbd81f6440c3945,68bfe593569c7ef0688bbecb,bmw-m-air-force-1-custom,BMW M Air force 1 custom,Physical,,Sneakers,https://cdn.prod.website-files.com/648417e68dbd81f6440c3944/68bfe4b3948df2dcd714ff15_Main.jpg,,€180.00,,standard-taxable,,,true,,,,,,,Chooze Size,37.5 EU | 6.5 US,,,,,Tue Sep 09 2025 08:30:09 GMT+0000 (Coordinated Universal Time),Tue Sep 09 2025 08:30:12 GMT+0000 (Coordinated Universal Time),Tue Sep 09 2025 08:30:28 GMT+0000 (Coordinated Universal Time)
648417e68dbd81f6440c3946,68bfe5918ce1e443202d7bf2,648417e68dbd81f6440c3945,68bfe593569c7ef0688bbeae,bmw-m-air-force-1-custom,BMW M Air force 1 custom,Physical,,Sneakers,https://cdn.prod.website-files.com/648417e68dbd81f6440c3944/68bfe4b3948df2dcd714ff15_Main.jpg,,€180.00,,standard-taxable,,,true,,,,,,,Chooze Size,36 EU   | 5.5 US,,,,,Tue Sep 09 2025 08:30:09 GMT+0000 (Coordinated Universal Time),Tue Sep 09 2025 08:30:12 GMT+0000 (Coordinated Universal Time),Tue Sep 09 2025 08:30:28 GMT+0000 (Coordinated Universal Time)
648417e68dbd81f6440c3946,68bfe5918ce1e443202d7bf2,648417e68dbd81f6440c3945,68bfe592569c7ef0688bbea9,bmw-m-air-force-1-custom,BMW M Air force 1 custom,Physical,,Sneakers,https://cdn.prod.website-files.com/648417e68dbd81f6440c3944/68bfe4b3948df2dcd714ff15_Main.jpg,,€180.00,,standard-taxable,,,true,,,,,,,Chooze Size,45 EU   | 11 US,,,,,Tue Sep 09 2025 08:30:09 GMT+0000 (Coordinated Universal Time),Tue Sep 09 2025 08:30:12 GMT+0000 (Coordinated Universal Time),Tue Sep 09 2025 08:30:28 GMT+0000 (Coordinated Universal Time)
648417e68dbd81f6440c3946,68bfe5918ce1e443202d7bf2,648417e68dbd81f6440c3945,68bfe592569c7ef0688bbe24,bmw-m-air-force-1-custom,BMW M Air force 1 custom,Physical,,Sneakers,https://cdn.prod.website-files.com/648417e68dbd81f6440c3944/68bfe4b3948df2dcd714ff15_Main.jpg,,€180.00,,standard-taxable,,,true,,,,,,,Chooze Size,42.5 EU | 9 US,,,,,Tue Sep 09 2025 08:30:09 GMT+0000 (Coordinated Universal Time),Tue Sep 09 2025 08:30:12 GMT+0000 (Coordinated Universal Time),Tue Sep 09 2025 08:30:28 GMT+0000 (Coordinated Universal Time)
648417e68dbd81f6440c3946,68bfe5918ce1e443202d7bf2,648417e68dbd81f6440c3945,68bfe592569c7ef0688bbe22,bmw-m-air-force-1-custom,BMW M Air force 1 custom,Physical,,Sneakers,https://cdn.prod.website-files.com/648417e68dbd81f6440c3944/68bfe4b3948df2dcd714ff15_Main.jpg,,€180.00,,standard-taxable,,,true,,,,,,,Chooze Size,44.5 EU | 10.5 US,,,,,Tue Sep 09 2025 08:30:09 GMT+0000 (Coordinated Universal Time),Tue Sep 09 2025 08:30:12 GMT+0000 (Coordinated Universal Time),Tue Sep 09 2025 08:30:28 GMT+0000 (Coordinated Universal Time)
648417e68dbd81f6440c3946,68bfe5918ce1e443202d7bf2,648417e68dbd81f6440c3945,68bfe592569c7ef0688bbe20,bmw-m-air-force-1-custom,BMW M Air force 1 custom,Physical,,Sneakers,https://cdn.prod.website-files.com/648417e68dbd81f6440c3944/68bfe4b3948df2dcd714ff15_Main.jpg,,€180.00,,standard-taxable,,,true,,,,,,,Chooze Size,46 EU   | 12 US,,,,,Tue Sep 09 2025 08:30:09 GMT+0000 (Coordinated Universal Time),Tue Sep 09 2025 08:30:12 GMT+0000 (Coordinated Universal Time),Tue Sep 09 2025 08:30:28 GMT+0000 (Coordinated Universal Time)
648417e68dbd81f6440c3946,68bfe5918ce1e443202d7bf2,648417e68dbd81f6440c3945,68bfe592569c7ef0688bbe1e,bmw-m-air-force-1-custom,BMW M Air force 1 custom,Physical,,Sneakers,https://cdn.prod.website-files.com/648417e68dbd81f6440c3944/68bfe4b3948df2dcd714ff15_Main.jpg,,€180.00,,standard-taxable,,,true,,,,,,,Chooze Size,43 EU   | 9.5 US,,,,,Tue Sep 09 2025 08:30:09 GMT+0000 (Coordinated Universal Time),Tue Sep 09 2025 08:30:12 GMT+0000 (Coordinated Universal Time),Tue Sep 09 2025 08:30:28 GMT+0000 (Coordinated Universal Time)
648417e68dbd81f6440c3946,68bfe5918ce1e443202d7bf2,648417e68dbd81f6440c3945,68bfe592569c7ef0688bbe1c,bmw-m-air-force-1-custom,BMW M Air force 1 custom,Physical,,Sneakers,https://cdn.prod.website-files.com/648417e68dbd81f6440c3944/68bfe4b3948df2dcd714ff15_Main.jpg,,€180.00,,standard-taxable,,,true,,,,,,,Chooze Size,44 EU   | 10 US,,,,,Tue Sep 09 2025 08:30:09 GMT+0000 (Coordinated Universal Time),Tue Sep 09 2025 08:30:12 GMT+0000 (Coordinated Universal Time),Tue Sep 09 2025 08:30:28 GMT+0000 (Coordinated Universal Time)
648417e68dbd81f6440c3946,690e24b016ab4342e8fe57cb,648417e68dbd81f6440c3945,690e24b25dcf38bf14556c30,barcelona-fc-air-force-1,BARCELONA FC Air Force 1,Physical,,Sneakers,https://cdn.prod.website-files.com/648417e68dbd81f6440c3944/690e2319c3f6e90b4c371cb1_Main.jpg,,€210.00,,standard-taxable,,,true,,,,,,,Chooze Size,38.5 EU | 7.5 US,,,,,Fri Nov 07 2025 16:56:16 GMT+0000 (Coordinated Universal Time),Fri Nov 07 2025 16:56:19 GMT+0000 (Coordinated Universal Time),Fri Nov 07 2025 17:28:07 GMT+0000 (Coordinated Universal Time)
648417e68dbd81f6440c3946,690e24b016ab4342e8fe57cb,648417e68dbd81f6440c3945,690e24b25dcf38bf14556c0c,barcelona-fc-air-force-1,BARCELONA FC Air Force 1,Physical,,Sneakers,https://cdn.prod.website-files.com/648417e68dbd81f6440c3944/690e2319c3f6e90b4c371cb1_Main.jpg,,€210.00,,standard-taxable,,,true,,,,,,,Chooze Size,36.5 EU | 6 US,,,,,Fri Nov 07 2025 16:56:16 GMT+0000 (Coordinated Universal Time),Fri Nov 07 2025 16:56:19 GMT+0000 (Coordinated Universal Time),Fri Nov 07 2025 17:28:07 GMT+0000 (Coordinated Universal Time)
648417e68dbd81f6440c3946,690e24b016ab4342e8fe57cb,648417e68dbd81f6440c3945,690e24b25dcf38bf14556be0,barcelona-fc-air-force-1,BARCELONA FC Air Force 1,Physical,,Sneakers,https://cdn.prod.website-files.com/648417e68dbd81f6440c3944/690e2319c3f6e90b4c371cb1_Main.jpg,,€210.00,,standard-taxable,,,true,,,,,,,Chooze Size,41 EU   | 8 US,,,,,Fri Nov 07 2025 16:56:16 GMT+0000 (Coordinated Universal Time),Fri Nov 07 2025 16:56:19 GMT+0000 (Coordinated Universal Time),Fri Nov 07 2025 17:28:07 GMT+0000 (Coordinated Universal Time)
648417e68dbd81f6440c3946,690e24b016ab4342e8fe57cb,648417e68dbd81f6440c3945,690e24b25dcf38bf14556bcd,barcelona-fc-air-force-1,BARCELONA FC Air Force 1,Physical,,Sneakers,https://cdn.prod.website-files.com/648417e68dbd81f6440c3944/690e2319c3f6e90b4c371cb1_Main.jpg,,€210.00,,standard-taxable,,,true,,,,,,,Chooze Size,36 EU   | 5.5 US,,,,,Fri Nov 07 2025 16:56:16 GMT+0000 (Coordinated Universal Time),Fri Nov 07 2025 16:56:19 GMT+0000 (Coordinated Universal Time),Fri Nov 07 2025 17:28:07 GMT+0000 (Coordinated Universal Time)
648417e68dbd81f6440c3946,690e24b016ab4342e8fe57cb,648417e68dbd81f6440c3945,690e24b25dcf38bf14556bb7,barcelona-fc-air-force-1,BARCELONA FC Air Force 1,Physical,,Sneakers,https://cdn.prod.website-files.com/648417e68dbd81f6440c3944/690e2319c3f6e90b4c371cb1_Main.jpg,,€210.00,,standard-taxable,,,true,,,,,,,Chooze Size,45.5 EU | 11.5 US,,,,,Fri Nov 07 2025 16:56:16 GMT+0000 (Coordinated Universal Time),Fri Nov 07 2025 16:56:19 GMT+0000 (Coordinated Universal Time),Fri Nov 07 2025 17:28:07 GMT+0000 (Coordinated Universal Time)
648417e68dbd81f6440c3946,690e24b016ab4342e8fe57cb,648417e68dbd81f6440c3945,690e24b25dcf38bf14556baa,barcelona-fc-air-force-1,BARCELONA FC Air Force 1,Physical,,Sneakers,https://cdn.prod.website-files.com/648417e68dbd81f6440c3944/690e2319c3f6e90b4c371cb1_Main.jpg,,€210.00,,standard-taxable,,,true,,,,,,,Chooze Size,45 EU   | 11 US,,,,,Fri Nov 07 2025 16:56:16 GMT+0000 (Coordinated Universal Time),Fri Nov 07 2025 16:56:19 GMT+0000 (Coordinated Universal Time),Fri Nov 07 2025 17:28:07 GMT+0000 (Coordinated Universal Time)
648417e68dbd81f6440c3946,690e24b016ab4342e8fe57cb,648417e68dbd81f6440c3945,690e24b25dcf38bf14556b5d,barcelona-fc-air-force-1,BARCELONA FC Air Force 1,Physical,,Sneakers,https://cdn.prod.website-files.com/648417e68dbd81f6440c3944/690e2319c3f6e90b4c371cb1_Main.jpg,,€210.00,,standard-taxable,,,true,,,,,,,Chooze Size,39 EU   | 8 US,,,,,Fri Nov 07 2025 16:56:16 GMT+0000 (Coordinated Universal Time),Fri Nov 07 2025 16:56:19 GMT+0000 (Coordinated Universal Time),Fri Nov 07 2025 17:28:07 GMT+0000 (Coordinated Universal Time)
648417e68dbd81f6440c3946,690e24b016ab4342e8fe57cb,648417e68dbd81f6440c3945,690e24b25dcf38bf14556b2b,barcelona-fc-air-force-1,BARCELONA FC Air Force 1,Physical,,Sneakers,https://cdn.prod.website-files.com/648417e68dbd81f6440c3944/690e2319c3f6e90b4c371cb1_Main.jpg,,€210.00,,standard-taxable,,,true,,,,,,,Chooze Size,40 EU   | 7.5 US,,,,,Fri Nov 07 2025 16:56:16 GMT+0000 (Coordinated Universal Time),Fri Nov 07 2025 16:56:19 GMT+0000 (Coordinated Universal Time),Fri Nov 07 2025 17:28:07 GMT+0000 (Coordinated Universal Time)
648417e68dbd81f6440c3946,690e24b016ab4342e8fe57cb,648417e68dbd81f6440c3945,690e24b25dcf38bf14556b27,barcelona-fc-air-force-1,BARCELONA FC Air Force 1,Physical,,Sneakers,https://cdn.prod.website-files.com/648417e68dbd81f6440c3944/690e2319c3f6e90b4c371cb1_Main.jpg,,€210.00,,standard-taxable,,,true,,,,,,,Chooze Size,42.5 EU | 9 US,,,,,Fri Nov 07 2025 16:56:16 GMT+0000 (Coordinated Universal Time),Fri Nov 07 2025 16:56:19 GMT+0000 (Coordinated Universal Time),Fri Nov 07 2025 17:28:07 GMT+0000 (Coordinated Universal Time)
648417e68dbd81f6440c3946,690e24b016ab4342e8fe57cb,648417e68dbd81f6440c3945,690e24b25dcf38bf14556b25,barcelona-fc-air-force-1,BARCELONA FC Air Force 1,Physical,,Sneakers,https://cdn.prod.website-files.com/648417e68dbd81f6440c3944/690e2319c3f6e90b4c371cb1_Main.jpg,,€210.00,,standard-taxable,,,true,,,,,,,Chooze Size,37.5 EU | 6.5 US,,,,,Fri Nov 07 2025 16:56:16 GMT+0000 (Coordinated Universal Time),Fri Nov 07 2025 16:56:19 GMT+0000 (Coordinated Universal Time),Fri Nov 07 2025 17:28:07 GMT+0000 (Coordinated Universal Time)
648417e68dbd81f6440c3946,690e24b016ab4342e8fe57cb,648417e68dbd81f6440c3945,690e24b25dcf38bf14556b12,barcelona-fc-air-force-1,BARCELONA FC Air Force 1,Physical,,Sneakers,https://cdn.prod.website-files.com/648417e68dbd81f6440c3944/690e2319c3f6e90b4c371cb1_Main.jpg,,€210.00,,standard-taxable,,,true,,,,,,,Chooze Size,44 EU   | 10 US,,,,,Fri Nov 07 2025 16:56:16 GMT+0000 (Coordinated Universal Time),Fri Nov 07 2025 16:56:19 GMT+0000 (Coordinated Universal Time),Fri Nov 07 2025 17:28:07 GMT+0000 (Coordinated Universal Time)
648417e68dbd81f6440c3946,690e24b016ab4342e8fe57cb,648417e68dbd81f6440c3945,690e24b15dcf38bf14556a80,barcelona-fc-air-force-1,BARCELONA FC Air Force 1,Physical,,Sneakers,https://cdn.prod.website-files.com/648417e68dbd81f6440c3944/690e2319c3f6e90b4c371cb1_Main.jpg,,€210.00,,standard-taxable,,,true,,,,,,,Chooze Size,42 EU   | 8.5 US,,,,,Fri Nov 07 2025 16:56:16 GMT+0000 (Coordinated Universal Time),Fri Nov 07 2025 16:56:19 GMT+0000 (Coordinated Universal Time),Fri Nov 07 2025 17:28:07 GMT+0000 (Coordinated Universal Time)
648417e68dbd81f6440c3946,690e24b016ab4342e8fe57cb,648417e68dbd81f6440c3945,690e24b15dcf38bf14556a7e,barcelona-fc-air-force-1,BARCELONA FC Air Force 1,Physical,,Sneakers,https://cdn.prod.website-files.com/648417e68dbd81f6440c3944/690e2319c3f6e90b4c371cb1_Main.jpg,,€210.00,,standard-taxable,,,true,,,,,,,Chooze Size,44.5 EU | 10.5 US,,,,,Fri Nov 07 2025 16:56:16 GMT+0000 (Coordinated Universal Time),Fri Nov 07 2025 16:56:19 GMT+0000 (Coordinated Universal Time),Fri Nov 07 2025 17:28:07 GMT+0000 (Coordinated Universal Time)
648417e68dbd81f6440c3946,690e24b016ab4342e8fe57cb,648417e68dbd81f6440c3945,690e24b15dcf38bf14556a74,barcelona-fc-air-force-1,BARCELONA FC Air Force 1,Physical,,Sneakers,https://cdn.prod.website-files.com/648417e68dbd81f6440c3944/690e2319c3f6e90b4c371cb1_Main.jpg,,€210.00,,standard-taxable,,,true,,,,,,,Chooze Size,46 EU   | 12 US,,,,,Fri Nov 07 2025 16:56:16 GMT+0000 (Coordinated Universal Time),Fri Nov 07 2025 16:56:19 GMT+0000 (Coordinated Universal Time),Fri Nov 07 2025 17:28:07 GMT+0000 (Coordinated Universal Time)
648417e68dbd81f6440c3946,690e24b016ab4342e8fe57cb,648417e68dbd81f6440c3945,690e24b15dcf38bf14556a61,barcelona-fc-air-force-1,BARCELONA FC Air Force 1,Physical,,Sneakers,https://cdn.prod.website-files.com/648417e68dbd81f6440c3944/690e2319c3f6e90b4c371cb1_Main.jpg,,€210.00,,standard-taxable,,,true,,,,,,,Chooze Size,43 EU   | 9.5 US,,,,,Fri Nov 07 2025 16:56:16 GMT+0000 (Coordinated Universal Time),Fri Nov 07 2025 16:56:19 GMT+0000 (Coordinated Universal Time),Fri Nov 07 2025 17:28:07 GMT+0000 (Coordinated Universal Time)
648417e68dbd81f6440c3946,690e24b016ab4342e8fe57cb,648417e68dbd81f6440c3945,690e24b15dcf38bf14556a4a,barcelona-fc-air-force-1,BARCELONA FC Air Force 1,Physical,,Sneakers,https://cdn.prod.website-files.com/648417e68dbd81f6440c3944/690e2319c3f6e90b4c371cb1_Main.jpg,,€210.00,,standard-taxable,,,true,,,,,,,Chooze Size,38 EU   | 7 US,,,,,Fri Nov 07 2025 16:56:16 GMT+0000 (Coordinated Universal Time),Fri Nov 07 2025 16:56:19 GMT+0000 (Coordinated Universal Time),Fri Nov 07 2025 17:28:07 GMT+0000 (Coordinated Universal Time)
648417e68dbd81f6440c3946,690e28112c0ad9e2ab1e41b1,648417e68dbd81f6440c3945,690e2813ec8a0549c59f0146,barcelona-fc-air-force-1-v2,BARCELONA FC Air Force 1 V2,Physical,,,https://cdn.prod.website-files.com/648417e68dbd81f6440c3944/690e26e27d389a5189c08c4e_Main.jpg,,€190.00,,standard-taxable,,,true,,,,,,,Chooze,44.5 EU | 10.5 US,,,,,Fri Nov 07 2025 17:10:41 GMT+0000 (Coordinated Universal Time),Fri Nov 07 2025 17:28:01 GMT+0000 (Coordinated Universal Time),Fri Nov 07 2025 17:28:07 GMT+0000 (Coordinated Universal Time)
648417e68dbd81f6440c3946,690e28112c0ad9e2ab1e41b1,648417e68dbd81f6440c3945,690e2813ec8a0549c59f0115,barcelona-fc-air-force-1-v2,BARCELONA FC Air Force 1 V2,Physical,,,https://cdn.prod.website-files.com/648417e68dbd81f6440c3944/690e26e27d389a5189c08c4e_Main.jpg,,€190.00,,standard-taxable,,,true,,,,,,,Chooze,38 EU   | 7 US,,,,,Fri Nov 07 2025 17:10:41 GMT+0000 (Coordinated Universal Time),Fri Nov 07 2025 17:28:01 GMT+0000 (Coordinated Universal Time),Fri Nov 07 2025 17:28:07 GMT+0000 (Coordinated Universal Time)
648417e68dbd81f6440c3946,690e28112c0ad9e2ab1e41b1,648417e68dbd81f6440c3945,690e2813ec8a0549c59f0102,barcelona-fc-air-force-1-v2,BARCELONA FC Air Force 1 V2,Physical,,,https://cdn.prod.website-files.com/648417e68dbd81f6440c3944/690e26e27d389a5189c08c4e_Main.jpg,,€190.00,,standard-taxable,,,true,,,,,,,Chooze,42 EU   | 8.5 US,,,,,Fri Nov 07 2025 17:10:41 GMT+0000 (Coordinated Universal Time),Fri Nov 07 2025 17:28:01 GMT+0000 (Coordinated Universal Time),Fri Nov 07 2025 17:28:07 GMT+0000 (Coordinated Universal Time)
648417e68dbd81f6440c3946,690e28112c0ad9e2ab1e41b1,648417e68dbd81f6440c3945,690e2813ec8a0549c59f00f1,barcelona-fc-air-force-1-v2,BARCELONA FC Air Force 1 V2,Physical,,,https://cdn.prod.website-files.com/648417e68dbd81f6440c3944/690e26e27d389a5189c08c4e_Main.jpg,,€190.00,,standard-taxable,,,true,,,,,,,Chooze,46 EU   | 12 US,,,,,Fri Nov 07 2025 17:10:41 GMT+0000 (Coordinated Universal Time),Fri Nov 07 2025 17:28:01 GMT+0000 (Coordinated Universal Time),Fri Nov 07 2025 17:28:07 GMT+0000 (Coordinated Universal Time)
648417e68dbd81f6440c3946,690e28112c0ad9e2ab1e41b1,648417e68dbd81f6440c3945,690e2813ec8a0549c59f00cb,barcelona-fc-air-force-1-v2,BARCELONA FC Air Force 1 V2,Physical,,,https://cdn.prod.website-files.com/648417e68dbd81f6440c3944/690e26e27d389a5189c08c4e_Main.jpg,,€190.00,,standard-taxable,,,true,,,,,,,Chooze,44 EU   | 10 US,,,,,Fri Nov 07 2025 17:10:41 GMT+0000 (Coordinated Universal Time),Fri Nov 07 2025 17:28:01 GMT+0000 (Coordinated Universal Time),Fri Nov 07 2025 17:28:07 GMT+0000 (Coordinated Universal Time)
648417e68dbd81f6440c3946,690e28112c0ad9e2ab1e41b1,648417e68dbd81f6440c3945,690e2813ec8a0549c59f00ba,barcelona-fc-air-force-1-v2,BARCELONA FC Air Force 1 V2,Physical,,,https://cdn.prod.website-files.com/648417e68dbd81f6440c3944/690e26e27d389a5189c08c4e_Main.jpg,,€190.00,,standard-taxable,,,true,,,,,,,Chooze,40 EU   | 7.5 US,,,,,Fri Nov 07 2025 17:10:41 GMT+0000 (Coordinated Universal Time),Fri Nov 07 2025 17:28:01 GMT+0000 (Coordinated Universal Time),Fri Nov 07 2025 17:28:07 GMT+0000 (Coordinated Universal Time)
648417e68dbd81f6440c3946,690e28112c0ad9e2ab1e41b1,648417e68dbd81f6440c3945,690e2812ec8a0549c59efcd6,barcelona-fc-air-force-1-v2,BARCELONA FC Air Force 1 V2,Physical,,,https://cdn.prod.website-files.com/648417e68dbd81f6440c3944/690e26e27d389a5189c08c4e_Main.jpg,,€190.00,,standard-taxable,,,true,,,,,,,Chooze,45.5 EU | 11.5 US,,,,,Fri Nov 07 2025 17:10:41 GMT+0000 (Coordinated Universal Time),Fri Nov 07 2025 17:28:01 GMT+0000 (Coordinated Universal Time),Fri Nov 07 2025 17:28:07 GMT+0000 (Coordinated Universal Time)
648417e68dbd81f6440c3946,690e28112c0ad9e2ab1e41b1,648417e68dbd81f6440c3945,690e2812ec8a0549c59efcb7,barcelona-fc-air-force-1-v2,BARCELONA FC Air Force 1 V2,Physical,,,https://cdn.prod.website-files.com/648417e68dbd81f6440c3944/690e26e27d389a5189c08c4e_Main.jpg,,€190.00,,standard-taxable,,,true,,,,,,,Chooze,45 EU   | 11 US,,,,,Fri Nov 07 2025 17:10:41 GMT+0000 (Coordinated Universal Time),Fri Nov 07 2025 17:28:01 GMT+0000 (Coordinated Universal Time),Fri Nov 07 2025 17:28:07 GMT+0000 (Coordinated Universal Time)
648417e68dbd81f6440c3946,690e28112c0ad9e2ab1e41b1,648417e68dbd81f6440c3945,690e2812ec8a0549c59efca2,barcelona-fc-air-force-1-v2,BARCELONA FC Air Force 1 V2,Physical,,,https://cdn.prod.website-files.com/648417e68dbd81f6440c3944/690e26e27d389a5189c08c4e_Main.jpg,,€190.00,,standard-taxable,,,true,,,,,,,Chooze,36 EU   | 5.5 US,,,,,Fri Nov 07 2025 17:10:41 GMT+0000 (Coordinated Universal Time),Fri Nov 07 2025 17:28:01 GMT+0000 (Coordinated Universal Time),Fri Nov 07 2025 17:28:07 GMT+0000 (Coordinated Universal Time)
648417e68dbd81f6440c3946,690e28112c0ad9e2ab1e41b1,648417e68dbd81f6440c3945,690e2812ec8a0549c59efc82,barcelona-fc-air-force-1-v2,BARCELONA FC Air Force 1 V2,Physical,,,https://cdn.prod.website-files.com/648417e68dbd81f6440c3944/690e26e27d389a5189c08c4e_Main.jpg,,€190.00,,standard-taxable,,,true,,,,,,,Chooze,37.5 EU | 6.5 US,,,,,Fri Nov 07 2025 17:10:41 GMT+0000 (Coordinated Universal Time),Fri Nov 07 2025 17:28:01 GMT+0000 (Coordinated Universal Time),Fri Nov 07 2025 17:28:07 GMT+0000 (Coordinated Universal Time)
648417e68dbd81f6440c3946,690e28112c0ad9e2ab1e41b1,648417e68dbd81f6440c3945,690e2812ec8a0549c59efc6a,barcelona-fc-air-force-1-v2,BARCELONA FC Air Force 1 V2,Physical,,,https://cdn.prod.website-files.com/648417e68dbd81f6440c3944/690e26e27d389a5189c08c4e_Main.jpg,,€190.00,,standard-taxable,,,true,,,,,,,Chooze,43 EU   | 9.5 US,,,,,Fri Nov 07 2025 17:10:41 GMT+0000 (Coordinated Universal Time),Fri Nov 07 2025 17:28:01 GMT+0000 (Coordinated Universal Time),Fri Nov 07 2025 17:28:07 GMT+0000 (Coordinated Universal Time)
648417e68dbd81f6440c3946,690e28112c0ad9e2ab1e41b1,648417e68dbd81f6440c3945,690e2812ec8a0549c59efc0a,barcelona-fc-air-force-1-v2,BARCELONA FC Air Force 1 V2,Physical,,,https://cdn.prod.website-files.com/648417e68dbd81f6440c3944/690e26e27d389a5189c08c4e_Main.jpg,,€190.00,,standard-taxable,,,true,,,,,,,Chooze,41 EU   | 8 US,,,,,Fri Nov 07 2025 17:10:41 GMT+0000 (Coordinated Universal Time),Fri Nov 07 2025 17:28:01 GMT+0000 (Coordinated Universal Time),Fri Nov 07 2025 17:28:07 GMT+0000 (Coordinated Universal Time)
648417e68dbd81f6440c3946,690e28112c0ad9e2ab1e41b1,648417e68dbd81f6440c3945,690e2812ec8a0549c59efc06,barcelona-fc-air-force-1-v2,BARCELONA FC Air Force 1 V2,Physical,,,https://cdn.prod.website-files.com/648417e68dbd81f6440c3944/690e26e27d389a5189c08c4e_Main.jpg,,€190.00,,standard-taxable,,,true,,,,,,,Chooze,42.5 EU | 9 US,,,,,Fri Nov 07 2025 17:10:41 GMT+0000 (Coordinated Universal Time),Fri Nov 07 2025 17:28:01 GMT+0000 (Coordinated Universal Time),Fri Nov 07 2025 17:28:07 GMT+0000 (Coordinated Universal Time)
648417e68dbd81f6440c3946,690e28112c0ad9e2ab1e41b1,648417e68dbd81f6440c3945,690e2812ec8a0549c59efbd1,barcelona-fc-air-force-1-v2,BARCELONA FC Air Force 1 V2,Physical,,,https://cdn.prod.website-files.com/648417e68dbd81f6440c3944/690e26e27d389a5189c08c4e_Main.jpg,,€190.00,,standard-taxable,,,true,,,,,,,Chooze,38.5 EU | 7.5 US,,,,,Fri Nov 07 2025 17:10:41 GMT+0000 (Coordinated Universal Time),Fri Nov 07 2025 17:28:01 GMT+0000 (Coordinated Universal Time),Fri Nov 07 2025 17:28:07 GMT+0000 (Coordinated Universal Time)
648417e68dbd81f6440c3946,690e28112c0ad9e2ab1e41b1,648417e68dbd81f6440c3945,690e2812ec8a0549c59efbcc,barcelona-fc-air-force-1-v2,BARCELONA FC Air Force 1 V2,Physical,,,https://cdn.prod.website-files.com/648417e68dbd81f6440c3944/690e26e27d389a5189c08c4e_Main.jpg,,€190.00,,standard-taxable,,,true,,,,,,,Chooze,36.5 EU | 6 US,,,,,Fri Nov 07 2025 17:10:41 GMT+0000 (Coordinated Universal Time),Fri Nov 07 2025 17:28:01 GMT+0000 (Coordinated Universal Time),Fri Nov 07 2025 17:28:07 GMT+0000 (Coordinated Universal Time)
648417e68dbd81f6440c3946,690e28112c0ad9e2ab1e41b1,648417e68dbd81f6440c3945,690e2811ec8a0549c59efbca,barcelona-fc-air-force-1-v2,BARCELONA FC Air Force 1 V2,Physical,,,https://cdn.prod.website-files.com/648417e68dbd81f6440c3944/690e26e27d389a5189c08c4e_Main.jpg,,€190.00,,standard-taxable,,,true,,,,,,,Chooze,39 EU   | 8 US,,,,,Fri Nov 07 2025 17:10:41 GMT+0000 (Coordinated Universal Time),Fri Nov 07 2025 17:28:01 GMT+0000 (Coordinated Universal Time),Fri Nov 07 2025 17:28:07 GMT+0000 (Coordinated Universal Time)
648417e68dbd81f6440c3946,690e2be9623f1a38a33bd07a,648417e68dbd81f6440c3945,690e2bebc9a6af94c1eddfe0,bayern-air-force-1,Bayern air force 1,Physical,,Sneakers,https://cdn.prod.website-files.com/648417e68dbd81f6440c3944/690e28f09e8e7b422f9f7ecf_Main.jpg,,€190.00,,standard-taxable,,,true,,,,,,,Chooze Size,36.5 EU | 6 US,,,,,Fri Nov 07 2025 17:27:05 GMT+0000 (Coordinated Universal Time),Fri Nov 07 2025 17:27:08 GMT+0000 (Coordinated Universal Time),Fri Nov 07 2025 17:28:07 GMT+0000 (Coordinated Universal Time)
648417e68dbd81f6440c3946,690e2be9623f1a38a33bd07a,648417e68dbd81f6440c3945,690e2bebc9a6af94c1eddfc5,bayern-air-force-1,Bayern air force 1,Physical,,Sneakers,https://cdn.prod.website-files.com/648417e68dbd81f6440c3944/690e28f09e8e7b422f9f7ecf_Main.jpg,,€190.00,,standard-taxable,,,true,,,,,,,Chooze Size,36 EU   | 5.5 US,,,,,Fri Nov 07 2025 17:27:05 GMT+0000 (Coordinated Universal Time),Fri Nov 07 2025 17:27:08 GMT+0000 (Coordinated Universal Time),Fri Nov 07 2025 17:28:07 GMT+0000 (Coordinated Universal Time)
648417e68dbd81f6440c3946,690e2be9623f1a38a33bd07a,648417e68dbd81f6440c3945,690e2bebc9a6af94c1eddfa9,bayern-air-force-1,Bayern air force 1,Physical,,Sneakers,https://cdn.prod.website-files.com/648417e68dbd81f6440c3944/690e28f09e8e7b422f9f7ecf_Main.jpg,,€190.00,,standard-taxable,,,true,,,,,,,Chooze Size,46 EU   | 12 US,,,,,Fri Nov 07 2025 17:27:05 GMT+0000 (Coordinated Universal Time),Fri Nov 07 2025 17:27:08 GMT+0000 (Coordinated Universal Time),Fri Nov 07 2025 17:28:07 GMT+0000 (Coordinated Universal Time)
648417e68dbd81f6440c3946,690e2be9623f1a38a33bd07a,648417e68dbd81f6440c3945,690e2bebc9a6af94c1eddf8d,bayern-air-force-1,Bayern air force 1,Physical,,Sneakers,https://cdn.prod.website-files.com/648417e68dbd81f6440c3944/690e28f09e8e7b422f9f7ecf_Main.jpg,,€190.00,,standard-taxable,,,true,,,,,,,Chooze Size,40 EU   | 7.5 US,,,,,Fri Nov 07 2025 17:27:05 GMT+0000 (Coordinated Universal Time),Fri Nov 07 2025 17:27:08 GMT+0000 (Coordinated Universal Time),Fri Nov 07 2025 17:28:07 GMT+0000 (Coordinated Universal Time)
648417e68dbd81f6440c3946,690e2be9623f1a38a33bd07a,648417e68dbd81f6440c3945,690e2bebc9a6af94c1eddf81,bayern-air-force-1,Bayern air force 1,Physical,,Sneakers,https://cdn.prod.website-files.com/648417e68dbd81f6440c3944/690e28f09e8e7b422f9f7ecf_Main.jpg,,€190.00,,standard-taxable,,,true,,,,,,,Chooze Size,45 EU   | 11 US,,,,,Fri Nov 07 2025 17:27:05 GMT+0000 (Coordinated Universal Time),Fri Nov 07 2025 17:27:08 GMT+0000 (Coordinated Universal Time),Fri Nov 07 2025 17:28:07 GMT+0000 (Coordinated Universal Time)
648417e68dbd81f6440c3946,690e2be9623f1a38a33bd07a,648417e68dbd81f6440c3945,690e2bebc9a6af94c1eddf5b,bayern-air-force-1,Bayern air force 1,Physical,,Sneakers,https://cdn.prod.website-files.com/648417e68dbd81f6440c3944/690e28f09e8e7b422f9f7ecf_Main.jpg,,€190.00,,standard-taxable,,,true,,,,,,,Chooze Size,41 EU   | 8 US,,,,,Fri Nov 07 2025 17:27:05 GMT+0000 (Coordinated Universal Time),Fri Nov 07 2025 17:27:08 GMT+0000 (Coordinated Universal Time),Fri Nov 07 2025 17:28:07 GMT+0000 (Coordinated Universal Time)
648417e68dbd81f6440c3946,690e2be9623f1a38a33bd07a,648417e68dbd81f6440c3945,690e2bebc9a6af94c1eddf1e,bayern-air-force-1,Bayern air force 1,Physical,,Sneakers,https://cdn.prod.website-files.com/648417e68dbd81f6440c3944/690e28f09e8e7b422f9f7ecf_Main.jpg,,€190.00,,standard-taxable,,,true,,,,,,,Chooze Size,39 EU   | 8 US,,,,,Fri Nov 07 2025 17:27:05 GMT+0000 (Coordinated Universal Time),Fri Nov 07 2025 17:27:08 GMT+0000 (Coordinated Universal Time),Fri Nov 07 2025 17:28:07 GMT+0000 (Coordinated Universal Time)
648417e68dbd81f6440c3946,690e2be9623f1a38a33bd07a,648417e68dbd81f6440c3945,690e2bebc9a6af94c1eddf18,bayern-air-force-1,Bayern air force 1,Physical,,Sneakers,https://cdn.prod.website-files.com/648417e68dbd81f6440c3944/690e28f09e8e7b422f9f7ecf_Main.jpg,,€190.00,,standard-taxable,,,true,,,,,,,Chooze Size,42 EU   | 8.5 US,,,,,Fri Nov 07 2025 17:27:05 GMT+0000 (Coordinated Universal Time),Fri Nov 07 2025 17:27:08 GMT+0000 (Coordinated Universal Time),Fri Nov 07 2025 17:28:07 GMT+0000 (Coordinated Universal Time)
648417e68dbd81f6440c3946,690e2be9623f1a38a33bd07a,648417e68dbd81f6440c3945,690e2bebc9a6af94c1eddef4,bayern-air-force-1,Bayern air force 1,Physical,,Sneakers,https://cdn.prod.website-files.com/648417e68dbd81f6440c3944/690e28f09e8e7b422f9f7ecf_Main.jpg,,€190.00,,standard-taxable,,,true,,,,,,,Chooze Size,37.5 EU | 6.5 US,,,,,Fri Nov 07 2025 17:27:05 GMT+0000 (Coordinated Universal Time),Fri Nov 07 2025 17:27:08 GMT+0000 (Coordinated Universal Time),Fri Nov 07 2025 17:28:07 GMT+0000 (Coordinated Universal Time)
648417e68dbd81f6440c3946,690e2be9623f1a38a33bd07a,648417e68dbd81f6440c3945,690e2bebc9a6af94c1eddef2,bayern-air-force-1,Bayern air force 1,Physical,,Sneakers,https://cdn.prod.website-files.com/648417e68dbd81f6440c3944/690e28f09e8e7b422f9f7ecf_Main.jpg,,€190.00,,standard-taxable,,,true,,,,,,,Chooze Size,38.5 EU | 7.5 US,,,,,Fri Nov 07 2025 17:27:05 GMT+0000 (Coordinated Universal Time),Fri Nov 07 2025 17:27:08 GMT+0000 (Coordinated Universal Time),Fri Nov 07 2025 17:28:07 GMT+0000 (Coordinated Universal Time)
648417e68dbd81f6440c3946,690e2be9623f1a38a33bd07a,648417e68dbd81f6440c3945,690e2bebc9a6af94c1edded3,bayern-air-force-1,Bayern air force 1,Physical,,Sneakers,https://cdn.prod.website-files.com/648417e68dbd81f6440c3944/690e28f09e8e7b422f9f7ecf_Main.jpg,,€190.00,,standard-taxable,,,true,,,,,,,Chooze Size,45.5 EU | 11.5 US,,,,,Fri Nov 07 2025 17:27:05 GMT+0000 (Coordinated Universal Time),Fri Nov 07 2025 17:27:08 GMT+0000 (Coordinated Universal Time),Fri Nov 07 2025 17:28:07 GMT+0000 (Coordinated Universal Time)
648417e68dbd81f6440c3946,690e2be9623f1a38a33bd07a,648417e68dbd81f6440c3945,690e2beac9a6af94c1edde52,bayern-air-force-1,Bayern air force 1,Physical,,Sneakers,https://cdn.prod.website-files.com/648417e68dbd81f6440c3944/690e28f09e8e7b422f9f7ecf_Main.jpg,,€190.00,,standard-taxable,,,true,,,,,,,Chooze Size,44.5 EU | 10.5 US,,,,,Fri Nov 07 2025 17:27:05 GMT+0000 (Coordinated Universal Time),Fri Nov 07 2025 17:27:08 GMT+0000 (Coordinated Universal Time),Fri Nov 07 2025 17:28:07 GMT+0000 (Coordinated Universal Time)
648417e68dbd81f6440c3946,690e2be9623f1a38a33bd07a,648417e68dbd81f6440c3945,690e2beac9a6af94c1edde50,bayern-air-force-1,Bayern air force 1,Physical,,Sneakers,https://cdn.prod.website-files.com/648417e68dbd81f6440c3944/690e28f09e8e7b422f9f7ecf_Main.jpg,,€190.00,,standard-taxable,,,true,,,,,,,Chooze Size,42.5 EU | 9 US,,,,,Fri Nov 07 2025 17:27:05 GMT+0000 (Coordinated Universal Time),Fri Nov 07 2025 17:27:08 GMT+0000 (Coordinated Universal Time),Fri Nov 07 2025 17:28:07 GMT+0000 (Coordinated Universal Time)
648417e68dbd81f6440c3946,690e2be9623f1a38a33bd07a,648417e68dbd81f6440c3945,690e2beac9a6af94c1edde2a,bayern-air-force-1,Bayern air force 1,Physical,,Sneakers,https://cdn.prod.website-files.com/648417e68dbd81f6440c3944/690e28f09e8e7b422f9f7ecf_Main.jpg,,€190.00,,standard-taxable,,,true,,,,,,,Chooze Size,38 EU   | 7 US,,,,,Fri Nov 07 2025 17:27:05 GMT+0000 (Coordinated Universal Time),Fri Nov 07 2025 17:27:08 GMT+0000 (Coordinated Universal Time),Fri Nov 07 2025 17:28:07 GMT+0000 (Coordinated Universal Time)
648417e68dbd81f6440c3946,690e2be9623f1a38a33bd07a,648417e68dbd81f6440c3945,690e2beac9a6af94c1edde25,bayern-air-force-1,Bayern air force 1,Physical,,Sneakers,https://cdn.prod.website-files.com/648417e68dbd81f6440c3944/690e28f09e8e7b422f9f7ecf_Main.jpg,,€190.00,,standard-taxable,,,true,,,,,,,Chooze Size,44 EU   | 10 US,,,,,Fri Nov 07 2025 17:27:05 GMT+0000 (Coordinated Universal Time),Fri Nov 07 2025 17:27:08 GMT+0000 (Coordinated Universal Time),Fri Nov 07 2025 17:28:07 GMT+0000 (Coordinated Universal Time)
648417e68dbd81f6440c3946,690e2be9623f1a38a33bd07a,648417e68dbd81f6440c3945,690e2beac9a6af94c1edde23,bayern-air-force-1,Bayern air force 1,Physical,,Sneakers,https://cdn.prod.website-files.com/648417e68dbd81f6440c3944/690e28f09e8e7b422f9f7ecf_Main.jpg,,€190.00,,standard-taxable,,,true,,,,,,,Chooze Size,43 EU   | 9.5 US,,,,,Fri Nov 07 2025 17:27:05 GMT+0000 (Coordinated Universal Time),Fri Nov 07 2025 17:27:08 GMT+0000 (Coordinated Universal Time),Fri Nov 07 2025 17:28:07 GMT+0000 (Coordinated Universal Time)
648417e68dbd81f6440c3946,692868c6871e061633f5c036,648417e68dbd81f6440c3945,692868c6db9572cf9661e634,custom-initials-handpainted-black-crossbody-bag,Custom Initials Handpainted Black Crossbody Bag,Physical,,Accessories,https://cdn.prod.website-files.com/648417e68dbd81f6440c3944/69286872cde31576c8d9146c_Christmass%20personalized%20black%20crossbody%20bag%201.jpg,,€39.95,€80.00,standard-taxable,,,true,,,,,,,,,,,,,Thu Nov 27 2025 15:05:42 GMT+0000 (Coordinated Universal Time),Thu Nov 27 2025 16:55:50 GMT+0000 (Coordinated Universal Time),Thu Nov 27 2025 16:55:50 GMT+0000 (Coordinated Universal Time)
648417e68dbd81f6440c3946,69286499d03a0044c232ef3d,648417e68dbd81f6440c3945,6928649afce1455022ef005c,custom-initials-handpainted-crossbody-bag,Custom Initials Handpainted Crossbody Bag,Physical,,Accessories,https://cdn.prod.website-files.com/648417e68dbd81f6440c3944/6928552a1b4e515331163101_Christmass%20personalized%20handbag%204jpg.jpg,,€39.95,€80.00,standard-taxable,,,true,,,,,,,,,,,,,Thu Nov 27 2025 14:47:53 GMT+0000 (Coordinated Universal Time),Thu Nov 27 2025 16:56:03 GMT+0000 (Coordinated Universal Time),Thu Nov 27 2025 16:56:03 GMT+0000 (Coordinated Universal Time)
648417e68dbd81f6440c3946,66a2572222d80c8a9281953b,648417e68dbd81f6440c3945,6752ec0f28b21ed78b42b850,nike-air-force-1-mercedes-amg,Nike Air Force 1 Mercedes AMG,Physical,,Sneakers,https://cdn.prod.website-files.com/648417e68dbd81f6440c3944/66a25540d3683b84817da216_Mainwb.jpg,,€170.00,,standard-taxable,,,true,,,,,,,Choose Size,36.5 EU | 6 US,,,,,Thu Jul 25 2024 13:46:10 GMT+0000 (Coordinated Universal Time),Thu Nov 27 2025 18:42:35 GMT+0000 (Coordinated Universal Time),Thu Nov 27 2025 18:42:35 GMT+0000 (Coordinated Universal Time)
648417e68dbd81f6440c3946,66a2572222d80c8a9281953b,648417e68dbd81f6440c3945,6752ec07ddf74c98d49918b0,nike-air-force-1-mercedes-amg,Nike Air Force 1 Mercedes AMG,Physical,,Sneakers,https://cdn.prod.website-files.com/648417e68dbd81f6440c3944/66a25540d3683b84817da216_Mainwb.jpg,,€170.00,,standard-taxable,,,true,,,,,,,Choose Size,45 EU   | 11 US,,,,,Thu Jul 25 2024 13:46:10 GMT+0000 (Coordinated Universal Time),Thu Nov 27 2025 18:42:35 GMT+0000 (Coordinated Universal Time),Thu Nov 27 2025 18:42:35 GMT+0000 (Coordinated Universal Time)
648417e68dbd81f6440c3946,66a2572222d80c8a9281953b,648417e68dbd81f6440c3945,6752ec0695bc370b78106646,nike-air-force-1-mercedes-amg,Nike Air Force 1 Mercedes AMG,Physical,,Sneakers,https://cdn.prod.website-files.com/648417e68dbd81f6440c3944/66a25540d3683b84817da216_Mainwb.jpg,,€170.00,,standard-taxable,,,true,,,,,,,Choose Size,38 EU   | 7 US,,,,,Thu Jul 25 2024 13:46:10 GMT+0000 (Coordinated Universal Time),Thu Nov 27 2025 18:42:35 GMT+0000 (Coordinated Universal Time),Thu Nov 27 2025 18:42:35 GMT+0000 (Coordinated Universal Time)
648417e68dbd81f6440c3946,66a2572222d80c8a9281953b,648417e68dbd81f6440c3945,6752ec069b4202b59676bf40,nike-air-force-1-mercedes-amg,Nike Air Force 1 Mercedes AMG,Physical,,Sneakers,https://cdn.prod.website-files.com/648417e68dbd81f6440c3944/66a25540d3683b84817da216_Mainwb.jpg,,€170.00,,standard-taxable,,,true,,,,,,,Choose Size,39 EU   | 8 US,,,,,Thu Jul 25 2024 13:46:10 GMT+0000 (Coordinated Universal Time),Thu Nov 27 2025 18:42:35 GMT+0000 (Coordinated Universal Time),Thu Nov 27 2025 18:42:35 GMT+0000 (Coordinated Universal Time)
648417e68dbd81f6440c3946,66a2572222d80c8a9281953b,648417e68dbd81f6440c3945,6752ec067b133b8f9e29e1c7,nike-air-force-1-mercedes-amg,Nike Air Force 1 Mercedes AMG,Physical,,Sneakers,https://cdn.prod.website-files.com/648417e68dbd81f6440c3944/66a25540d3683b84817da216_Mainwb.jpg,,€170.00,,standard-taxable,,,true,,,,,,,Choose Size,42.5 EU | 9 US,,,,,Thu Jul 25 2024 13:46:10 GMT+0000 (Coordinated Universal Time),Thu Nov 27 2025 18:42:35 GMT+0000 (Coordinated Universal Time),Thu Nov 27 2025 18:42:35 GMT+0000 (Coordinated Universal Time)
648417e68dbd81f6440c3946,66a2572222d80c8a9281953b,648417e68dbd81f6440c3945,6752ec06477a84773feda7f4,nike-air-force-1-mercedes-amg,Nike Air Force 1 Mercedes AMG,Physical,,Sneakers,https://cdn.prod.website-files.com/648417e68dbd81f6440c3944/66a25540d3683b84817da216_Mainwb.jpg,,€170.00,,standard-taxable,,,true,,,,,,,Choose Size,41 EU   | 8 US,,,,,Thu Jul 25 2024 13:46:10 GMT+0000 (Coordinated Universal Time),Thu Nov 27 2025 18:42:35 GMT+0000 (Coordinated Universal Time),Thu Nov 27 2025 18:42:35 GMT+0000 (Coordinated Universal Time)
648417e68dbd81f6440c3946,66a2572222d80c8a9281953b,648417e68dbd81f6440c3945,6752ec06fd246b88e136da0b,nike-air-force-1-mercedes-amg,Nike Air Force 1 Mercedes AMG,Physical,,Sneakers,https://cdn.prod.website-files.com/648417e68dbd81f6440c3944/66a25540d3683b84817da216_Mainwb.jpg,,€170.00,,standard-taxable,,,true,,,,,,,Choose Size,45.5 EU | 11.5 US,,,,,Thu Jul 25 2024 13:46:10 GMT+0000 (Coordinated Universal Time),Thu Nov 27 2025 18:42:35 GMT+0000 (Coordinated Universal Time),Thu Nov 27 2025 18:42:35 GMT+0000 (Coordinated Universal Time)
648417e68dbd81f6440c3946,66a2572222d80c8a9281953b,648417e68dbd81f6440c3945,6752ec06b92832b84e6b09bc,nike-air-force-1-mercedes-amg,Nike Air Force 1 Mercedes AMG,Physical,,Sneakers,https://cdn.prod.website-files.com/648417e68dbd81f6440c3944/66a25540d3683b84817da216_Mainwb.jpg,,€170.00,,standard-taxable,,,true,,,,,,,Choose Size,37.5 EU | 6.5 US,,,,,Thu Jul 25 2024 13:46:10 GMT+0000 (Coordinated Universal Time),Thu Nov 27 2025 18:42:35 GMT+0000 (Coordinated Universal Time),Thu Nov 27 2025 18:42:35 GMT+0000 (Coordinated Universal Time)
648417e68dbd81f6440c3946,66a2572222d80c8a9281953b,648417e68dbd81f6440c3945,6752ec06bf5ed9cf8e821d1f,nike-air-force-1-mercedes-amg,Nike Air Force 1 Mercedes AMG,Physical,,Sneakers,https://cdn.prod.website-files.com/648417e68dbd81f6440c3944/66a25540d3683b84817da216_Mainwb.jpg,,€170.00,,standard-taxable,,,true,,,,,,,Choose Size,44.5 EU | 10.5 US,,,,,Thu Jul 25 2024 13:46:10 GMT+0000 (Coordinated Universal Time),Thu Nov 27 2025 18:42:35 GMT+0000 (Coordinated Universal Time),Thu Nov 27 2025 18:42:35 GMT+0000 (Coordinated Universal Time)
648417e68dbd81f6440c3946,66a2572222d80c8a9281953b,648417e68dbd81f6440c3945,6752ec06fa6a47810cdbe893,nike-air-force-1-mercedes-amg,Nike Air Force 1 Mercedes AMG,Physical,,Sneakers,https://cdn.prod.website-files.com/648417e68dbd81f6440c3944/66a25540d3683b84817da216_Mainwb.jpg,,€170.00,,standard-taxable,,,true,,,,,,,Choose Size,43 EU   | 9.5 US,,,,,Thu Jul 25 2024 13:46:10 GMT+0000 (Coordinated Universal Time),Thu Nov 27 2025 18:42:35 GMT+0000 (Coordinated Universal Time),Thu Nov 27 2025 18:42:35 GMT+0000 (Coordinated Universal Time)
648417e68dbd81f6440c3946,66a2572222d80c8a9281953b,648417e68dbd81f6440c3945,6752ec068c97a7a8e0e1b537,nike-air-force-1-mercedes-amg,Nike Air Force 1 Mercedes AMG,Physical,,Sneakers,https://cdn.prod.website-files.com/648417e68dbd81f6440c3944/66a25540d3683b84817da216_Mainwb.jpg,,€170.00,,standard-taxable,,,true,,,,,,,Choose Size,42 EU   | 8.5 US,,,,,Thu Jul 25 2024 13:46:10 GMT+0000 (Coordinated Universal Time),Thu Nov 27 2025 18:42:35 GMT+0000 (Coordinated Universal Time),Thu Nov 27 2025 18:42:35 GMT+0000 (Coordinated Universal Time)
648417e68dbd81f6440c3946,66a2572222d80c8a9281953b,648417e68dbd81f6440c3945,6752ec0628499e4e3fbcdb3a,nike-air-force-1-mercedes-amg,Nike Air Force 1 Mercedes AMG,Physical,,Sneakers,https://cdn.prod.website-files.com/648417e68dbd81f6440c3944/66a25540d3683b84817da216_Mainwb.jpg,,€170.00,,standard-taxable,,,true,,,,,,,Choose Size,46 EU   | 12 US,,,,,Thu Jul 25 2024 13:46:10 GMT+0000 (Coordinated Universal Time),Thu Nov 27 2025 18:42:35 GMT+0000 (Coordinated Universal Time),Thu Nov 27 2025 18:42:35 GMT+0000 (Coordinated Universal Time)
648417e68dbd81f6440c3946,66a2572222d80c8a9281953b,648417e68dbd81f6440c3945,6752ec06dcc5baf258428d50,nike-air-force-1-mercedes-amg,Nike Air Force 1 Mercedes AMG,Physical,,Sneakers,https://cdn.prod.website-files.com/648417e68dbd81f6440c3944/66a25540d3683b84817da216_Mainwb.jpg,,€170.00,,standard-taxable,,,true,,,,,,,Choose Size,38.5 EU | 7.5 US,,,,,Thu Jul 25 2024 13:46:10 GMT+0000 (Coordinated Universal Time),Thu Nov 27 2025 18:42:35 GMT+0000 (Coordinated Universal Time),Thu Nov 27 2025 18:42:35 GMT+0000 (Coordinated Universal Time)
648417e68dbd81f6440c3946,66a2572222d80c8a9281953b,648417e68dbd81f6440c3945,6752ec0620f8115ea3697f81,nike-air-force-1-mercedes-amg,Nike Air Force 1 Mercedes AMG,Physical,,Sneakers,https://cdn.prod.website-files.com/648417e68dbd81f6440c3944/66a25540d3683b84817da216_Mainwb.jpg,,€170.00,,standard-taxable,,,true,,,,,,,Choose Size,40 EU   | 7.5 US,,,,,Thu Jul 25 2024 13:46:10 GMT+0000 (Coordinated Universal Time),Thu Nov 27 2025 18:42:35 GMT+0000 (Coordinated Universal Time),Thu Nov 27 2025 18:42:35 GMT+0000 (Coordinated Universal Time)
648417e68dbd81f6440c3946,66a2572222d80c8a9281953b,648417e68dbd81f6440c3945,6752ec069eeb27c95bd8c30d,nike-air-force-1-mercedes-amg,Nike Air Force 1 Mercedes AMG,Physical,,Sneakers,https://cdn.prod.website-files.com/648417e68dbd81f6440c3944/66a25540d3683b84817da216_Mainwb.jpg,,€170.00,,standard-taxable,,,true,,,,,,,Choose Size,44 EU   | 10 US,,,,,Thu Jul 25 2024 13:46:10 GMT+0000 (Coordinated Universal Time),Thu Nov 27 2025 18:42:35 GMT+0000 (Coordinated Universal Time),Thu Nov 27 2025 18:42:35 GMT+0000 (Coordinated Universal Time)
648417e68dbd81f6440c3946,66a2572222d80c8a9281953b,648417e68dbd81f6440c3945,66a25723a0a0e7d90c5b9401,nike-air-force-1-mercedes-amg,Nike Air Force 1 Mercedes AMG,Physical,,Sneakers,https://cdn.prod.website-files.com/648417e68dbd81f6440c3944/66a25540d3683b84817da216_Mainwb.jpg,,€170.00,,standard-taxable,,,true,,,,,,,Choose Size,36 EU   | 5.5 US,,,,,Thu Jul 25 2024 13:46:10 GMT+0000 (Coordinated Universal Time),Thu Nov 27 2025 18:42:35 GMT+0000 (Coordinated Universal Time),Thu Nov 27 2025 18:42:35 GMT+0000 (Coordinated Universal Time)
648417e68dbd81f6440c3946,69357072d06ba866c859658e,648417e68dbd81f6440c3945,69357074d06ba866c85967d4,fight-club-air-force-1,Fight Club Air Force 1,Physical,,Sneakers,https://cdn.prod.website-files.com/648417e68dbd81f6440c3944/69356f2110d2dad8c0393b2d_FightClub%20main.jpg,,€230.00,,standard-taxable,,,true,,,,,,,Chooze Size,44.5 EU | 10.5 US,,,,,Sun Dec 07 2025 12:17:54 GMT+0000 (Coordinated Universal Time),Sun Dec 07 2025 12:17:56 GMT+0000 (Coordinated Universal Time),Sun Dec 07 2025 12:17:56 GMT+0000 (Coordinated Universal Time)
648417e68dbd81f6440c3946,69357072d06ba866c859658e,648417e68dbd81f6440c3945,69357074d06ba866c85967b9,fight-club-air-force-1,Fight Club Air Force 1,Physical,,Sneakers,https://cdn.prod.website-files.com/648417e68dbd81f6440c3944/69356f2110d2dad8c0393b2d_FightClub%20main.jpg,,€230.00,,standard-taxable,,,true,,,,,,,Chooze Size,38 EU   | 7 US,,,,,Sun Dec 07 2025 12:17:54 GMT+0000 (Coordinated Universal Time),Sun Dec 07 2025 12:17:56 GMT+0000 (Coordinated Universal Time),Sun Dec 07 2025 12:17:56 GMT+0000 (Coordinated Universal Time)
648417e68dbd81f6440c3946,69357072d06ba866c859658e,648417e68dbd81f6440c3945,69357074d06ba866c85967a5,fight-club-air-force-1,Fight Club Air Force 1,Physical,,Sneakers,https://cdn.prod.website-files.com/648417e68dbd81f6440c3944/69356f2110d2dad8c0393b2d_FightClub%20main.jpg,,€230.00,,standard-taxable,,,true,,,,,,,Chooze Size,45 EU   | 11 US,,,,,Sun Dec 07 2025 12:17:54 GMT+0000 (Coordinated Universal Time),Sun Dec 07 2025 12:17:56 GMT+0000 (Coordinated Universal Time),Sun Dec 07 2025 12:17:56 GMT+0000 (Coordinated Universal Time)
648417e68dbd81f6440c3946,69357072d06ba866c859658e,648417e68dbd81f6440c3945,69357074d06ba866c859678d,fight-club-air-force-1,Fight Club Air Force 1,Physical,,Sneakers,https://cdn.prod.website-files.com/648417e68dbd81f6440c3944/69356f2110d2dad8c0393b2d_FightClub%20main.jpg,,€230.00,,standard-taxable,,,true,,,,,,,Chooze Size,39 EU   | 8 US,,,,,Sun Dec 07 2025 12:17:54 GMT+0000 (Coordinated Universal Time),Sun Dec 07 2025 12:17:56 GMT+0000 (Coordinated Universal Time),Sun Dec 07 2025 12:17:56 GMT+0000 (Coordinated Universal Time)
648417e68dbd81f6440c3946,69357072d06ba866c859658e,648417e68dbd81f6440c3945,69357074d06ba866c8596774,fight-club-air-force-1,Fight Club Air Force 1,Physical,,Sneakers,https://cdn.prod.website-files.com/648417e68dbd81f6440c3944/69356f2110d2dad8c0393b2d_FightClub%20main.jpg,,€230.00,,standard-taxable,,,true,,,,,,,Chooze Size,44 EU   | 10 US,,,,,Sun Dec 07 2025 12:17:54 GMT+0000 (Coordinated Universal Time),Sun Dec 07 2025 12:17:56 GMT+0000 (Coordinated Universal Time),Sun Dec 07 2025 12:17:56 GMT+0000 (Coordinated Universal Time)
648417e68dbd81f6440c3946,69357072d06ba866c859658e,648417e68dbd81f6440c3945,69357073d06ba866c8596736,fight-club-air-force-1,Fight Club Air Force 1,Physical,,Sneakers,https://cdn.prod.website-files.com/648417e68dbd81f6440c3944/69356f2110d2dad8c0393b2d_FightClub%20main.jpg,,€230.00,,standard-taxable,,,true,,,,,,,Chooze Size,42.5 EU | 9 US,,,,,Sun Dec 07 2025 12:17:54 GMT+0000 (Coordinated Universal Time),Sun Dec 07 2025 12:17:56 GMT+0000 (Coordinated Universal Time),Sun Dec 07 2025 12:17:56 GMT+0000 (Coordinated Universal Time)
648417e68dbd81f6440c3946,69357072d06ba866c859658e,648417e68dbd81f6440c3945,69357073d06ba866c8596713,fight-club-air-force-1,Fight Club Air Force 1,Physical,,Sneakers,https://cdn.prod.website-files.com/648417e68dbd81f6440c3944/69356f2110d2dad8c0393b2d_FightClub%20main.jpg,,€230.00,,standard-taxable,,,true,,,,,,,Chooze Size,43 EU   | 9.5 US,,,,,Sun Dec 07 2025 12:17:54 GMT+0000 (Coordinated Universal Time),Sun Dec 07 2025 12:17:56 GMT+0000 (Coordinated Universal Time),Sun Dec 07 2025 12:17:56 GMT+0000 (Coordinated Universal Time)
648417e68dbd81f6440c3946,69357072d06ba866c859658e,648417e68dbd81f6440c3945,69357073d06ba866c85966fc,fight-club-air-force-1,Fight Club Air Force 1,Physical,,Sneakers,https://cdn.prod.website-files.com/648417e68dbd81f6440c3944/69356f2110d2dad8c0393b2d_FightClub%20main.jpg,,€230.00,,standard-taxable,,,true,,,,,,,Chooze Size,42 EU   | 8.5 US,,,,,Sun Dec 07 2025 12:17:54 GMT+0000 (Coordinated Universal Time),Sun Dec 07 2025 12:17:56 GMT+0000 (Coordinated Universal Time),Sun Dec 07 2025 12:17:56 GMT+0000 (Coordinated Universal Time)
648417e68dbd81f6440c3946,69357072d06ba866c859658e,648417e68dbd81f6440c3945,69357073d06ba866c85966ea,fight-club-air-force-1,Fight Club Air Force 1,Physical,,Sneakers,https://cdn.prod.website-files.com/648417e68dbd81f6440c3944/69356f2110d2dad8c0393b2d_FightClub%20main.jpg,,€230.00,,standard-taxable,,,true,,,,,,,Chooze Size,40 EU   | 7.5 US,,,,,Sun Dec 07 2025 12:17:54 GMT+0000 (Coordinated Universal Time),Sun Dec 07 2025 12:17:56 GMT+0000 (Coordinated Universal Time),Sun Dec 07 2025 12:17:56 GMT+0000 (Coordinated Universal Time)
648417e68dbd81f6440c3946,69357072d06ba866c859658e,648417e68dbd81f6440c3945,69357073d06ba866c85966de,fight-club-air-force-1,Fight Club Air Force 1,Physical,,Sneakers,https://cdn.prod.website-files.com/648417e68dbd81f6440c3944/69356f2110d2dad8c0393b2d_FightClub%20main.jpg,,€230.00,,standard-taxable,,,true,,,,,,,Chooze Size,37.5 EU | 6.5 US,,,,,Sun Dec 07 2025 12:17:54 GMT+0000 (Coordinated Universal Time),Sun Dec 07 2025 12:17:56 GMT+0000 (Coordinated Universal Time),Sun Dec 07 2025 12:17:56 GMT+0000 (Coordinated Universal Time)
648417e68dbd81f6440c3946,69357072d06ba866c859658e,648417e68dbd81f6440c3945,69357073d06ba866c8596696,fight-club-air-force-1,Fight Club Air Force 1,Physical,,Sneakers,https://cdn.prod.website-files.com/648417e68dbd81f6440c3944/69356f2110d2dad8c0393b2d_FightClub%20main.jpg,,€230.00,,standard-taxable,,,true,,,,,,,Chooze Size,46 EU   | 12 US,,,,,Sun Dec 07 2025 12:17:54 GMT+0000 (Coordinated Universal Time),Sun Dec 07 2025 12:17:56 GMT+0000 (Coordinated Universal Time),Sun Dec 07 2025 12:17:56 GMT+0000 (Coordinated Universal Time)
648417e68dbd81f6440c3946,69357072d06ba866c859658e,648417e68dbd81f6440c3945,69357073d06ba866c859664e,fight-club-air-force-1,Fight Club Air Force 1,Physical,,Sneakers,https://cdn.prod.website-files.com/648417e68dbd81f6440c3944/69356f2110d2dad8c0393b2d_FightClub%20main.jpg,,€230.00,,standard-taxable,,,true,,,,,,,Chooze Size,41 EU   | 8 US,,,,,Sun Dec 07 2025 12:17:54 GMT+0000 (Coordinated Universal Time),Sun Dec 07 2025 12:17:56 GMT+0000 (Coordinated Universal Time),Sun Dec 07 2025 12:17:56 GMT+0000 (Coordinated Universal Time)
648417e68dbd81f6440c3946,69357072d06ba866c859658e,648417e68dbd81f6440c3945,69357073d06ba866c8596645,fight-club-air-force-1,Fight Club Air Force 1,Physical,,Sneakers,https://cdn.prod.website-files.com/648417e68dbd81f6440c3944/69356f2110d2dad8c0393b2d_FightClub%20main.jpg,,€230.00,,standard-taxable,,,true,,,,,,,Chooze Size,36 EU   | 5.5 US,,,,,Sun Dec 07 2025 12:17:54 GMT+0000 (Coordinated Universal Time),Sun Dec 07 2025 12:17:56 GMT+0000 (Coordinated Universal Time),Sun Dec 07 2025 12:17:56 GMT+0000 (Coordinated Universal Time)
648417e68dbd81f6440c3946,69357072d06ba866c859658e,648417e68dbd81f6440c3945,69357073d06ba866c8596643,fight-club-air-force-1,Fight Club Air Force 1,Physical,,Sneakers,https://cdn.prod.website-files.com/648417e68dbd81f6440c3944/69356f2110d2dad8c0393b2d_FightClub%20main.jpg,,€230.00,,standard-taxable,,,true,,,,,,,Chooze Size,36.5 EU | 6 US,,,,,Sun Dec 07 2025 12:17:54 GMT+0000 (Coordinated Universal Time),Sun Dec 07 2025 12:17:56 GMT+0000 (Coordinated Universal Time),Sun Dec 07 2025 12:17:56 GMT+0000 (Coordinated Universal Time)
648417e68dbd81f6440c3946,69357072d06ba866c859658e,648417e68dbd81f6440c3945,69357073d06ba866c8596641,fight-club-air-force-1,Fight Club Air Force 1,Physical,,Sneakers,https://cdn.prod.website-files.com/648417e68dbd81f6440c3944/69356f2110d2dad8c0393b2d_FightClub%20main.jpg,,€230.00,,standard-taxable,,,true,,,,,,,Chooze Size,38.5 EU | 7.5 US,,,,,Sun Dec 07 2025 12:17:54 GMT+0000 (Coordinated Universal Time),Sun Dec 07 2025 12:17:56 GMT+0000 (Coordinated Universal Time),Sun Dec 07 2025 12:17:56 GMT+0000 (Coordinated Universal Time)
648417e68dbd81f6440c3946,69357072d06ba866c859658e,648417e68dbd81f6440c3945,69357073d06ba866c859662a,fight-club-air-force-1,Fight Club Air Force 1,Physical,,Sneakers,https://cdn.prod.website-files.com/648417e68dbd81f6440c3944/69356f2110d2dad8c0393b2d_FightClub%20main.jpg,,€230.00,,standard-taxable,,,true,,,,,,,Chooze Size,45.5 EU | 11.5 US,,,,,Sun Dec 07 2025 12:17:54 GMT+0000 (Coordinated Universal Time),Sun Dec 07 2025 12:17:56 GMT+0000 (Coordinated Universal Time),Sun Dec 07 2025 12:17:56 GMT+0000 (Coordinated Universal Time)
648417e68dbd81f6440c3946,6935730d8745c88b3dbf8e06,648417e68dbd81f6440c3945,693573104c6783ea90c6b49c,air-force-1-cartoon-sketch-custom,Air Force 1 Cartoon Sketch Custom,Physical,,Sneakers,https://cdn.prod.website-files.com/648417e68dbd81f6440c3944/693570cfbee9faa2c40522b0_Cartoon%20Air%20Force%201%20Main.jpg,,€240.00,,standard-taxable,,,true,,,,,,,Chooze Size,40 EU   | 7.5 US,,,,,Sun Dec 07 2025 12:29:01 GMT+0000 (Coordinated Universal Time),Sun Dec 07 2025 12:29:05 GMT+0000 (Coordinated Universal Time),Sun Dec 07 2025 12:29:05 GMT+0000 (Coordinated Universal Time)
648417e68dbd81f6440c3946,6935730d8745c88b3dbf8e06,648417e68dbd81f6440c3945,693573104c6783ea90c6b482,air-force-1-cartoon-sketch-custom,Air Force 1 Cartoon Sketch Custom,Physical,,Sneakers,https://cdn.prod.website-files.com/648417e68dbd81f6440c3944/693570cfbee9faa2c40522b0_Cartoon%20Air%20Force%201%20Main.jpg,,€240.00,,standard-taxable,,,true,,,,,,,Chooze Size,44 EU   | 10 US,,,,,Sun Dec 07 2025 12:29:01 GMT+0000 (Coordinated Universal Time),Sun Dec 07 2025 12:29:05 GMT+0000 (Coordinated Universal Time),Sun Dec 07 2025 12:29:05 GMT+0000 (Coordinated Universal Time)
648417e68dbd81f6440c3946,6935730d8745c88b3dbf8e06,648417e68dbd81f6440c3945,693573104c6783ea90c6b464,air-force-1-cartoon-sketch-custom,Air Force 1 Cartoon Sketch Custom,Physical,,Sneakers,https://cdn.prod.website-files.com/648417e68dbd81f6440c3944/693570cfbee9faa2c40522b0_Cartoon%20Air%20Force%201%20Main.jpg,,€240.00,,standard-taxable,,,true,,,,,,,Chooze Size,44.5 EU | 10.5 US,,,,,Sun Dec 07 2025 12:29:01 GMT+0000 (Coordinated Universal Time),Sun Dec 07 2025 12:29:05 GMT+0000 (Coordinated Universal Time),Sun Dec 07 2025 12:29:05 GMT+0000 (Coordinated Universal Time)
648417e68dbd81f6440c3946,6935730d8745c88b3dbf8e06,648417e68dbd81f6440c3945,693573104c6783ea90c6b446,air-force-1-cartoon-sketch-custom,Air Force 1 Cartoon Sketch Custom,Physical,,Sneakers,https://cdn.prod.website-files.com/648417e68dbd81f6440c3944/693570cfbee9faa2c40522b0_Cartoon%20Air%20Force%201%20Main.jpg,,€240.00,,standard-taxable,,,true,,,,,,,Chooze Size,41 EU   | 8 US,,,,,Sun Dec 07 2025 12:29:01 GMT+0000 (Coordinated Universal Time),Sun Dec 07 2025 12:29:05 GMT+0000 (Coordinated Universal Time),Sun Dec 07 2025 12:29:05 GMT+0000 (Coordinated Universal Time)
648417e68dbd81f6440c3946,6935730d8745c88b3dbf8e06,648417e68dbd81f6440c3945,693573104c6783ea90c6b428,air-force-1-cartoon-sketch-custom,Air Force 1 Cartoon Sketch Custom,Physical,,Sneakers,https://cdn.prod.website-files.com/648417e68dbd81f6440c3944/693570cfbee9faa2c40522b0_Cartoon%20Air%20Force%201%20Main.jpg,,€240.00,,standard-taxable,,,true,,,,,,,Chooze Size,42.5 EU | 9 US,,,,,Sun Dec 07 2025 12:29:01 GMT+0000 (Coordinated Universal Time),Sun Dec 07 2025 12:29:05 GMT+0000 (Coordinated Universal Time),Sun Dec 07 2025 12:29:05 GMT+0000 (Coordinated Universal Time)
648417e68dbd81f6440c3946,6935730d8745c88b3dbf8e06,648417e68dbd81f6440c3945,6935730f4c6783ea90c6b402,air-force-1-cartoon-sketch-custom,Air Force 1 Cartoon Sketch Custom,Physical,,Sneakers,https://cdn.prod.website-files.com/648417e68dbd81f6440c3944/693570cfbee9faa2c40522b0_Cartoon%20Air%20Force%201%20Main.jpg,,€240.00,,standard-taxable,,,true,,,,,,,Chooze Size,42 EU   | 8.5 US,,,,,Sun Dec 07 2025 12:29:01 GMT+0000 (Coordinated Universal Time),Sun Dec 07 2025 12:29:05 GMT+0000 (Coordinated Universal Time),Sun Dec 07 2025 12:29:05 GMT+0000 (Coordinated Universal Time)
648417e68dbd81f6440c3946,6935730d8745c88b3dbf8e06,648417e68dbd81f6440c3945,6935730f4c6783ea90c6b3fb,air-force-1-cartoon-sketch-custom,Air Force 1 Cartoon Sketch Custom,Physical,,Sneakers,https://cdn.prod.website-files.com/648417e68dbd81f6440c3944/693570cfbee9faa2c40522b0_Cartoon%20Air%20Force%201%20Main.jpg,,€240.00,,standard-taxable,,,true,,,,,,,Chooze Size,45.5 EU | 11.5 US,,,,,Sun Dec 07 2025 12:29:01 GMT+0000 (Coordinated Universal Time),Sun Dec 07 2025 12:29:05 GMT+0000 (Coordinated Universal Time),Sun Dec 07 2025 12:29:05 GMT+0000 (Coordinated Universal Time)
648417e68dbd81f6440c3946,6935730d8745c88b3dbf8e06,648417e68dbd81f6440c3945,6935730f4c6783ea90c6b3ba,air-force-1-cartoon-sketch-custom,Air Force 1 Cartoon Sketch Custom,Physical,,Sneakers,https://cdn.prod.website-files.com/648417e68dbd81f6440c3944/693570cfbee9faa2c40522b0_Cartoon%20Air%20Force%201%20Main.jpg,,€240.00,,standard-taxable,,,true,,,,,,,Chooze Size,45 EU   | 11 US,,,,,Sun Dec 07 2025 12:29:01 GMT+0000 (Coordinated Universal Time),Sun Dec 07 2025 12:29:05 GMT+0000 (Coordinated Universal Time),Sun Dec 07 2025 12:29:05 GMT+0000 (Coordinated Universal Time)
648417e68dbd81f6440c3946,6935730d8745c88b3dbf8e06,648417e68dbd81f6440c3945,6935730f4c6783ea90c6b3a5,air-force-1-cartoon-sketch-custom,Air Force 1 Cartoon Sketch Custom,Physical,,Sneakers,https://cdn.prod.website-files.com/648417e68dbd81f6440c3944/693570cfbee9faa2c40522b0_Cartoon%20Air%20Force%201%20Main.jpg,,€240.00,,standard-taxable,,,true,,,,,,,Chooze Size,36 EU   | 5.5 US,,,,,Sun Dec 07 2025 12:29:01 GMT+0000 (Coordinated Universal Time),Sun Dec 07 2025 12:29:05 GMT+0000 (Coordinated Universal Time),Sun Dec 07 2025 12:29:05 GMT+0000 (Coordinated Universal Time)
648417e68dbd81f6440c3946,6935730d8745c88b3dbf8e06,648417e68dbd81f6440c3945,6935730f4c6783ea90c6b39c,air-force-1-cartoon-sketch-custom,Air Force 1 Cartoon Sketch Custom,Physical,,Sneakers,https://cdn.prod.website-files.com/648417e68dbd81f6440c3944/693570cfbee9faa2c40522b0_Cartoon%20Air%20Force%201%20Main.jpg,,€240.00,,standard-taxable,,,true,,,,,,,Chooze Size,38 EU   | 7 US,,,,,Sun Dec 07 2025 12:29:01 GMT+0000 (Coordinated Universal Time),Sun Dec 07 2025 12:29:05 GMT+0000 (Coordinated Universal Time),Sun Dec 07 2025 12:29:05 GMT+0000 (Coordinated Universal Time)
648417e68dbd81f6440c3946,6935730d8745c88b3dbf8e06,648417e68dbd81f6440c3945,6935730f4c6783ea90c6b38c,air-force-1-cartoon-sketch-custom,Air Force 1 Cartoon Sketch Custom,Physical,,Sneakers,https://cdn.prod.website-files.com/648417e68dbd81f6440c3944/693570cfbee9faa2c40522b0_Cartoon%20Air%20Force%201%20Main.jpg,,€240.00,,standard-taxable,,,true,,,,,,,Chooze Size,38.5 EU | 7.5 US,,,,,Sun Dec 07 2025 12:29:01 GMT+0000 (Coordinated Universal Time),Sun Dec 07 2025 12:29:05 GMT+0000 (Coordinated Universal Time),Sun Dec 07 2025 12:29:05 GMT+0000 (Coordinated Universal Time)
648417e68dbd81f6440c3946,6935730d8745c88b3dbf8e06,648417e68dbd81f6440c3945,6935730f4c6783ea90c6b32c,air-force-1-cartoon-sketch-custom,Air Force 1 Cartoon Sketch Custom,Physical,,Sneakers,https://cdn.prod.website-files.com/648417e68dbd81f6440c3944/693570cfbee9faa2c40522b0_Cartoon%20Air%20Force%201%20Main.jpg,,€240.00,,standard-taxable,,,true,,,,,,,Chooze Size,37.5 EU | 6.5 US,,,,,Sun Dec 07 2025 12:29:01 GMT+0000 (Coordinated Universal Time),Sun Dec 07 2025 12:29:05 GMT+0000 (Coordinated Universal Time),Sun Dec 07 2025 12:29:05 GMT+0000 (Coordinated Universal Time)
648417e68dbd81f6440c3946,6935730d8745c88b3dbf8e06,648417e68dbd81f6440c3945,6935730f4c6783ea90c6b32a,air-force-1-cartoon-sketch-custom,Air Force 1 Cartoon Sketch Custom,Physical,,Sneakers,https://cdn.prod.website-files.com/648417e68dbd81f6440c3944/693570cfbee9faa2c40522b0_Cartoon%20Air%20Force%201%20Main.jpg,,€240.00,,standard-taxable,,,true,,,,,,,Chooze Size,46 EU   | 12 US,,,,,Sun Dec 07 2025 12:29:01 GMT+0000 (Coordinated Universal Time),Sun Dec 07 2025 12:29:05 GMT+0000 (Coordinated Universal Time),Sun Dec 07 2025 12:29:05 GMT+0000 (Coordinated Universal Time)
648417e68dbd81f6440c3946,6935730d8745c88b3dbf8e06,648417e68dbd81f6440c3945,6935730f4c6783ea90c6b328,air-force-1-cartoon-sketch-custom,Air Force 1 Cartoon Sketch Custom,Physical,,Sneakers,https://cdn.prod.website-files.com/648417e68dbd81f6440c3944/693570cfbee9faa2c40522b0_Cartoon%20Air%20Force%201%20Main.jpg,,€240.00,,standard-taxable,,,true,,,,,,,Chooze Size,43 EU   | 9.5 US,,,,,Sun Dec 07 2025 12:29:01 GMT+0000 (Coordinated Universal Time),Sun Dec 07 2025 12:29:05 GMT+0000 (Coordinated Universal Time),Sun Dec 07 2025 12:29:05 GMT+0000 (Coordinated Universal Time)
648417e68dbd81f6440c3946,6935730d8745c88b3dbf8e06,648417e68dbd81f6440c3945,6935730f4c6783ea90c6b326,air-force-1-cartoon-sketch-custom,Air Force 1 Cartoon Sketch Custom,Physical,,Sneakers,https://cdn.prod.website-files.com/648417e68dbd81f6440c3944/693570cfbee9faa2c40522b0_Cartoon%20Air%20Force%201%20Main.jpg,,€240.00,,standard-taxable,,,true,,,,,,,Chooze Size,39 EU   | 8 US,,,,,Sun Dec 07 2025 12:29:01 GMT+0000 (Coordinated Universal Time),Sun Dec 07 2025 12:29:05 GMT+0000 (Coordinated Universal Time),Sun Dec 07 2025 12:29:05 GMT+0000 (Coordinated Universal Time)
648417e68dbd81f6440c3946,6935730d8745c88b3dbf8e06,648417e68dbd81f6440c3945,6935730f4c6783ea90c6b310,air-force-1-cartoon-sketch-custom,Air Force 1 Cartoon Sketch Custom,Physical,,Sneakers,https://cdn.prod.website-files.com/648417e68dbd81f6440c3944/693570cfbee9faa2c40522b0_Cartoon%20Air%20Force%201%20Main.jpg,,€240.00,,standard-taxable,,,true,,,,,,,Chooze Size,36.5 EU | 6 US,,,,,Sun Dec 07 2025 12:29:01 GMT+0000 (Coordinated Universal Time),Sun Dec 07 2025 12:29:05 GMT+0000 (Coordinated Universal Time),Sun Dec 07 2025 12:29:05 GMT+0000 (Coordinated Universal Time)
648417e68dbd81f6440c3946,693f1836f3750841e476725e,648417e68dbd81f6440c3945,693f189af0b3d313ff1cc1fd,nike-air-force-1-audi-splatter,Nike Air Force 1 Audi Splatter,Physical,,Sneakers,https://cdn.prod.website-files.com/648417e68dbd81f6440c3944/693f10bd534758b6d386aaa5_2.jpg,,€180.00,,standard-taxable,,,true,,,,,,,Chooze Size,36.5 EU | 6 US,,,,,Sun Dec 14 2025 20:04:06 GMT+0000 (Coordinated Universal Time),Sun Dec 14 2025 20:05:57 GMT+0000 (Coordinated Universal Time),Sun Dec 14 2025 20:06:03 GMT+0000 (Coordinated Universal Time)
648417e68dbd81f6440c3946,693f1836f3750841e476725e,648417e68dbd81f6440c3945,693f189a848a041ecce1a7b8,nike-air-force-1-audi-splatter,Nike Air Force 1 Audi Splatter,Physical,,Sneakers,https://cdn.prod.website-files.com/648417e68dbd81f6440c3944/693f10bd534758b6d386aaa5_2.jpg,,€180.00,,standard-taxable,,,true,,,,,,,Chooze Size,41 EU   | 8 US,,,,,Sun Dec 14 2025 20:04:06 GMT+0000 (Coordinated Universal Time),Sun Dec 14 2025 20:05:57 GMT+0000 (Coordinated Universal Time),Sun Dec 14 2025 20:06:03 GMT+0000 (Coordinated Universal Time)
648417e68dbd81f6440c3946,693f1836f3750841e476725e,648417e68dbd81f6440c3945,693f189ad70317ae61ba130b,nike-air-force-1-audi-splatter,Nike Air Force 1 Audi Splatter,Physical,,Sneakers,https://cdn.prod.website-files.com/648417e68dbd81f6440c3944/693f10bd534758b6d386aaa5_2.jpg,,€180.00,,standard-taxable,,,true,,,,,,,Chooze Size,37.5 EU | 6.5 US,,,,,Sun Dec 14 2025 20:04:06 GMT+0000 (Coordinated Universal Time),Sun Dec 14 2025 20:05:57 GMT+0000 (Coordinated Universal Time),Sun Dec 14 2025 20:06:03 GMT+0000 (Coordinated Universal Time)
648417e68dbd81f6440c3946,693f1836f3750841e476725e,648417e68dbd81f6440c3945,693f189a199f36e1945b1371,nike-air-force-1-audi-splatter,Nike Air Force 1 Audi Splatter,Physical,,Sneakers,https://cdn.prod.website-files.com/648417e68dbd81f6440c3944/693f10bd534758b6d386aaa5_2.jpg,,€180.00,,standard-taxable,,,true,,,,,,,Chooze Size,43 EU   | 9.5 US,,,,,Sun Dec 14 2025 20:04:06 GMT+0000 (Coordinated Universal Time),Sun Dec 14 2025 20:05:57 GMT+0000 (Coordinated Universal Time),Sun Dec 14 2025 20:06:03 GMT+0000 (Coordinated Universal Time)
648417e68dbd81f6440c3946,693f1836f3750841e476725e,648417e68dbd81f6440c3945,693f189a30818e735d7734b3,nike-air-force-1-audi-splatter,Nike Air Force 1 Audi Splatter,Physical,,Sneakers,https://cdn.prod.website-files.com/648417e68dbd81f6440c3944/693f10bd534758b6d386aaa5_2.jpg,,€180.00,,standard-taxable,,,true,,,,,,,Chooze Size,38.5 EU | 7.5 US,,,,,Sun Dec 14 2025 20:04:06 GMT+0000 (Coordinated Universal Time),Sun Dec 14 2025 20:05:57 GMT+0000 (Coordinated Universal Time),Sun Dec 14 2025 20:06:03 GMT+0000 (Coordinated Universal Time)
648417e68dbd81f6440c3946,693f1836f3750841e476725e,648417e68dbd81f6440c3945,693f189a06d6f13ea2f1a456,nike-air-force-1-audi-splatter,Nike Air Force 1 Audi Splatter,Physical,,Sneakers,https://cdn.prod.website-files.com/648417e68dbd81f6440c3944/693f10bd534758b6d386aaa5_2.jpg,,€180.00,,standard-taxable,,,true,,,,,,,Chooze Size,46 EU   | 12 US,,,,,Sun Dec 14 2025 20:04:06 GMT+0000 (Coordinated Universal Time),Sun Dec 14 2025 20:05:57 GMT+0000 (Coordinated Universal Time),Sun Dec 14 2025 20:06:03 GMT+0000 (Coordinated Universal Time)
648417e68dbd81f6440c3946,693f1836f3750841e476725e,648417e68dbd81f6440c3945,693f189a2b79ce794e243887,nike-air-force-1-audi-splatter,Nike Air Force 1 Audi Splatter,Physical,,Sneakers,https://cdn.prod.website-files.com/648417e68dbd81f6440c3944/693f10bd534758b6d386aaa5_2.jpg,,€180.00,,standard-taxable,,,true,,,,,,,Chooze Size,45.5 EU | 11.5 US,,,,,Sun Dec 14 2025 20:04:06 GMT+0000 (Coordinated Universal Time),Sun Dec 14 2025 20:05:57 GMT+0000 (Coordinated Universal Time),Sun Dec 14 2025 20:06:03 GMT+0000 (Coordinated Universal Time)
648417e68dbd81f6440c3946,693f1836f3750841e476725e,648417e68dbd81f6440c3945,693f189928eb1b654e7f963b,nike-air-force-1-audi-splatter,Nike Air Force 1 Audi Splatter,Physical,,Sneakers,https://cdn.prod.website-files.com/648417e68dbd81f6440c3944/693f10bd534758b6d386aaa5_2.jpg,,€180.00,,standard-taxable,,,true,,,,,,,Chooze Size,42.5 EU | 9 US,,,,,Sun Dec 14 2025 20:04:06 GMT+0000 (Coordinated Universal Time),Sun Dec 14 2025 20:05:57 GMT+0000 (Coordinated Universal Time),Sun Dec 14 2025 20:06:03 GMT+0000 (Coordinated Universal Time)
648417e68dbd81f6440c3946,693f1836f3750841e476725e,648417e68dbd81f6440c3945,693f18992b79ce794e243884,nike-air-force-1-audi-splatter,Nike Air Force 1 Audi Splatter,Physical,,Sneakers,https://cdn.prod.website-files.com/648417e68dbd81f6440c3944/693f10bd534758b6d386aaa5_2.jpg,,€180.00,,standard-taxable,,,true,,,,,,,Chooze Size,42 EU   | 8.5 US,,,,,Sun Dec 14 2025 20:04:06 GMT+0000 (Coordinated Universal Time),Sun Dec 14 2025 20:05:57 GMT+0000 (Coordinated Universal Time),Sun Dec 14 2025 20:06:03 GMT+0000 (Coordinated Universal Time)
648417e68dbd81f6440c3946,693f1836f3750841e476725e,648417e68dbd81f6440c3945,693f18996c57d71d1bae2306,nike-air-force-1-audi-splatter,Nike Air Force 1 Audi Splatter,Physical,,Sneakers,https://cdn.prod.website-files.com/648417e68dbd81f6440c3944/693f10bd534758b6d386aaa5_2.jpg,,€180.00,,standard-taxable,,,true,,,,,,,Chooze Size,39 EU   | 8 US,,,,,Sun Dec 14 2025 20:04:06 GMT+0000 (Coordinated Universal Time),Sun Dec 14 2025 20:05:57 GMT+0000 (Coordinated Universal Time),Sun Dec 14 2025 20:06:03 GMT+0000 (Coordinated Universal Time)
648417e68dbd81f6440c3946,693f1836f3750841e476725e,648417e68dbd81f6440c3945,693f18996cc7b0f654d5a9f9,nike-air-force-1-audi-splatter,Nike Air Force 1 Audi Splatter,Physical,,Sneakers,https://cdn.prod.website-files.com/648417e68dbd81f6440c3944/693f10bd534758b6d386aaa5_2.jpg,,€180.00,,standard-taxable,,,true,,,,,,,Chooze Size,44.5 EU | 10.5 US,,,,,Sun Dec 14 2025 20:04:06 GMT+0000 (Coordinated Universal Time),Sun Dec 14 2025 20:05:57 GMT+0000 (Coordinated Universal Time),Sun Dec 14 2025 20:06:03 GMT+0000 (Coordinated Universal Time)
648417e68dbd81f6440c3946,693f1836f3750841e476725e,648417e68dbd81f6440c3945,693f18996696c22e383c495d,nike-air-force-1-audi-splatter,Nike Air Force 1 Audi Splatter,Physical,,Sneakers,https://cdn.prod.website-files.com/648417e68dbd81f6440c3944/693f10bd534758b6d386aaa5_2.jpg,,€180.00,,standard-taxable,,,true,,,,,,,Chooze Size,38 EU   | 7 US,,,,,Sun Dec 14 2025 20:04:06 GMT+0000 (Coordinated Universal Time),Sun Dec 14 2025 20:05:57 GMT+0000 (Coordinated Universal Time),Sun Dec 14 2025 20:06:03 GMT+0000 (Coordinated Universal Time)
648417e68dbd81f6440c3946,693f1836f3750841e476725e,648417e68dbd81f6440c3945,693f18991fd9354dfb5eafd1,nike-air-force-1-audi-splatter,Nike Air Force 1 Audi Splatter,Physical,,Sneakers,https://cdn.prod.website-files.com/648417e68dbd81f6440c3944/693f10bd534758b6d386aaa5_2.jpg,,€180.00,,standard-taxable,,,true,,,,,,,Chooze Size,45 EU   | 11 US,,,,,Sun Dec 14 2025 20:04:06 GMT+0000 (Coordinated Universal Time),Sun Dec 14 2025 20:05:57 GMT+0000 (Coordinated Universal Time),Sun Dec 14 2025 20:06:03 GMT+0000 (Coordinated Universal Time)
648417e68dbd81f6440c3946,693f1836f3750841e476725e,648417e68dbd81f6440c3945,693f1899ab6a7b77cf141fc6,nike-air-force-1-audi-splatter,Nike Air Force 1 Audi Splatter,Physical,,Sneakers,https://cdn.prod.website-files.com/648417e68dbd81f6440c3944/693f10bd534758b6d386aaa5_2.jpg,,€180.00,,standard-taxable,,,true,,,,,,,Chooze Size,44 EU   | 10 US,,,,,Sun Dec 14 2025 20:04:06 GMT+0000 (Coordinated Universal Time),Sun Dec 14 2025 20:05:57 GMT+0000 (Coordinated Universal Time),Sun Dec 14 2025 20:06:03 GMT+0000 (Coordinated Universal Time)
648417e68dbd81f6440c3946,693f1836f3750841e476725e,648417e68dbd81f6440c3945,693f1899d0d7257e49fc8822,nike-air-force-1-audi-splatter,Nike Air Force 1 Audi Splatter,Physical,,Sneakers,https://cdn.prod.website-files.com/648417e68dbd81f6440c3944/693f10bd534758b6d386aaa5_2.jpg,,€180.00,,standard-taxable,,,true,,,,,,,Chooze Size,40 EU   | 7.5 US,,,,,Sun Dec 14 2025 20:04:06 GMT+0000 (Coordinated Universal Time),Sun Dec 14 2025 20:05:57 GMT+0000 (Coordinated Universal Time),Sun Dec 14 2025 20:06:03 GMT+0000 (Coordinated Universal Time)
648417e68dbd81f6440c3946,693f1836f3750841e476725e,648417e68dbd81f6440c3945,693f1837e871add4d2a97606,nike-air-force-1-audi-splatter,Nike Air Force 1 Audi Splatter,Physical,,Sneakers,https://cdn.prod.website-files.com/648417e68dbd81f6440c3944/693f10bd534758b6d386aaa5_2.jpg,,€180.00,,standard-taxable,,,true,,,,,,,Chooze Size,36 EU   | 5.5 US,,,,,Sun Dec 14 2025 20:04:06 GMT+0000 (Coordinated Universal Time),Sun Dec 14 2025 20:05:57 GMT+0000 (Coordinated Universal Time),Sun Dec 14 2025 20:06:03 GMT+0000 (Coordinated Universal Time)
648417e68dbd81f6440c3946,69823c29065559186e2d07a4,648417e68dbd81f6440c3945,69823c2cf152da05a86a7d96,bmw-tn-air-max-custom,BMW Tn Air Max Custom,Physical,,Sneakers,https://cdn.prod.website-files.com/648417e68dbd81f6440c3944/698237e61f3d9197738da441_Main.jpg,,€250.00,,standard-taxable,,,true,,,,,,,Chooze Size,40 EU   | 7.5 US,,,,,Tue Feb 03 2026 18:19:21 GMT+0000 (Coordinated Universal Time),Tue Feb 03 2026 18:21:22 GMT+0000 (Coordinated Universal Time),Tue Feb 03 2026 18:21:22 GMT+0000 (Coordinated Universal Time)
648417e68dbd81f6440c3946,69823c29065559186e2d07a4,648417e68dbd81f6440c3945,69823c2bf152da05a86a7d7c,bmw-tn-air-max-custom,BMW Tn Air Max Custom,Physical,,Sneakers,https://cdn.prod.website-files.com/648417e68dbd81f6440c3944/698237e61f3d9197738da441_Main.jpg,,€250.00,,standard-taxable,,,true,,,,,,,Chooze Size,45 EU   | 11 US,,,,,Tue Feb 03 2026 18:19:21 GMT+0000 (Coordinated Universal Time),Tue Feb 03 2026 18:21:22 GMT+0000 (Coordinated Universal Time),Tue Feb 03 2026 18:21:22 GMT+0000 (Coordinated Universal Time)
648417e68dbd81f6440c3946,69823c29065559186e2d07a4,648417e68dbd81f6440c3945,69823c2bf152da05a86a7d65,bmw-tn-air-max-custom,BMW Tn Air Max Custom,Physical,,Sneakers,https://cdn.prod.website-files.com/648417e68dbd81f6440c3944/698237e61f3d9197738da441_Main.jpg,,€250.00,,standard-taxable,,,true,,,,,,,Chooze Size,41 EU   | 8 US,,,,,Tue Feb 03 2026 18:19:21 GMT+0000 (Coordinated Universal Time),Tue Feb 03 2026 18:21:22 GMT+0000 (Coordinated Universal Time),Tue Feb 03 2026 18:21:22 GMT+0000 (Coordinated Universal Time)
648417e68dbd81f6440c3946,69823c29065559186e2d07a4,648417e68dbd81f6440c3945,69823c2bf152da05a86a7d36,bmw-tn-air-max-custom,BMW Tn Air Max Custom,Physical,,Sneakers,https://cdn.prod.website-files.com/648417e68dbd81f6440c3944/698237e61f3d9197738da441_Main.jpg,,€250.00,,standard-taxable,,,true,,,,,,,Chooze Size,42 EU   | 8.5 US,,,,,Tue Feb 03 2026 18:19:21 GMT+0000 (Coordinated Universal Time),Tue Feb 03 2026 18:21:22 GMT+0000 (Coordinated Universal Time),Tue Feb 03 2026 18:21:22 GMT+0000 (Coordinated Universal Time)
648417e68dbd81f6440c3946,69823c29065559186e2d07a4,648417e68dbd81f6440c3945,69823c2bf152da05a86a7d29,bmw-tn-air-max-custom,BMW Tn Air Max Custom,Physical,,Sneakers,https://cdn.prod.website-files.com/648417e68dbd81f6440c3944/698237e61f3d9197738da441_Main.jpg,,€250.00,,standard-taxable,,,true,,,,,,,Chooze Size,36 EU   | 5.5 US,,,,,Tue Feb 03 2026 18:19:21 GMT+0000 (Coordinated Universal Time),Tue Feb 03 2026 18:21:22 GMT+0000 (Coordinated Universal Time),Tue Feb 03 2026 18:21:22 GMT+0000 (Coordinated Universal Time)
648417e68dbd81f6440c3946,69823c29065559186e2d07a4,648417e68dbd81f6440c3945,69823c2bf152da05a86a7cf2,bmw-tn-air-max-custom,BMW Tn Air Max Custom,Physical,,Sneakers,https://cdn.prod.website-files.com/648417e68dbd81f6440c3944/698237e61f3d9197738da441_Main.jpg,,€250.00,,standard-taxable,,,true,,,,,,,Chooze Size,42.5 EU | 9 US,,,,,Tue Feb 03 2026 18:19:21 GMT+0000 (Coordinated Universal Time),Tue Feb 03 2026 18:21:22 GMT+0000 (Coordinated Universal Time),Tue Feb 03 2026 18:21:22 GMT+0000 (Coordinated Universal Time)
648417e68dbd81f6440c3946,69823c29065559186e2d07a4,648417e68dbd81f6440c3945,69823c2bf152da05a86a7cd8,bmw-tn-air-max-custom,BMW Tn Air Max Custom,Physical,,Sneakers,https://cdn.prod.website-files.com/648417e68dbd81f6440c3944/698237e61f3d9197738da441_Main.jpg,,€250.00,,standard-taxable,,,true,,,,,,,Chooze Size,36.5 EU | 6 US,,,,,Tue Feb 03 2026 18:19:21 GMT+0000 (Coordinated Universal Time),Tue Feb 03 2026 18:21:22 GMT+0000 (Coordinated Universal Time),Tue Feb 03 2026 18:21:22 GMT+0000 (Coordinated Universal Time)
648417e68dbd81f6440c3946,69823c29065559186e2d07a4,648417e68dbd81f6440c3945,69823c2bf152da05a86a7ca4,bmw-tn-air-max-custom,BMW Tn Air Max Custom,Physical,,Sneakers,https://cdn.prod.website-files.com/648417e68dbd81f6440c3944/698237e61f3d9197738da441_Main.jpg,,€250.00,,standard-taxable,,,true,,,,,,,Chooze Size,46 EU   | 12 US,,,,,Tue Feb 03 2026 18:19:21 GMT+0000 (Coordinated Universal Time),Tue Feb 03 2026 18:21:22 GMT+0000 (Coordinated Universal Time),Tue Feb 03 2026 18:21:22 GMT+0000 (Coordinated Universal Time)
648417e68dbd81f6440c3946,69823c29065559186e2d07a4,648417e68dbd81f6440c3945,69823c2bf152da05a86a7ca2,bmw-tn-air-max-custom,BMW Tn Air Max Custom,Physical,,Sneakers,https://cdn.prod.website-files.com/648417e68dbd81f6440c3944/698237e61f3d9197738da441_Main.jpg,,€250.00,,standard-taxable,,,true,,,,,,,Chooze Size,43 EU   | 9.5 US,,,,,Tue Feb 03 2026 18:19:21 GMT+0000 (Coordinated Universal Time),Tue Feb 03 2026 18:21:22 GMT+0000 (Coordinated Universal Time),Tue Feb 03 2026 18:21:22 GMT+0000 (Coordinated Universal Time)
648417e68dbd81f6440c3946,69823c29065559186e2d07a4,648417e68dbd81f6440c3945,69823c2bf152da05a86a7c6f,bmw-tn-air-max-custom,BMW Tn Air Max Custom,Physical,,Sneakers,https://cdn.prod.website-files.com/648417e68dbd81f6440c3944/698237e61f3d9197738da441_Main.jpg,,€250.00,,standard-taxable,,,true,,,,,,,Chooze Size,39 EU   | 8 US,,,,,Tue Feb 03 2026 18:19:21 GMT+0000 (Coordinated Universal Time),Tue Feb 03 2026 18:21:22 GMT+0000 (Coordinated Universal Time),Tue Feb 03 2026 18:21:22 GMT+0000 (Coordinated Universal Time)
648417e68dbd81f6440c3946,69823c29065559186e2d07a4,648417e68dbd81f6440c3945,69823c2bf152da05a86a7c51,bmw-tn-air-max-custom,BMW Tn Air Max Custom,Physical,,Sneakers,https://cdn.prod.website-files.com/648417e68dbd81f6440c3944/698237e61f3d9197738da441_Main.jpg,,€250.00,,standard-taxable,,,true,,,,,,,Chooze Size,44 EU   | 10 US,,,,,Tue Feb 03 2026 18:19:21 GMT+0000 (Coordinated Universal Time),Tue Feb 03 2026 18:21:22 GMT+0000 (Coordinated Universal Time),Tue Feb 03 2026 18:21:22 GMT+0000 (Coordinated Universal Time)
648417e68dbd81f6440c3946,69823c29065559186e2d07a4,648417e68dbd81f6440c3945,69823c2af152da05a86a7bfe,bmw-tn-air-max-custom,BMW Tn Air Max Custom,Physical,,Sneakers,https://cdn.prod.website-files.com/648417e68dbd81f6440c3944/698237e61f3d9197738da441_Main.jpg,,€250.00,,standard-taxable,,,true,,,,,,,Chooze Size,44.5 EU | 10.5 US,,,,,Tue Feb 03 2026 18:19:21 GMT+0000 (Coordinated Universal Time),Tue Feb 03 2026 18:21:22 GMT+0000 (Coordinated Universal Time),Tue Feb 03 2026 18:21:22 GMT+0000 (Coordinated Universal Time)
648417e68dbd81f6440c3946,69823c29065559186e2d07a4,648417e68dbd81f6440c3945,69823c2af152da05a86a7bfa,bmw-tn-air-max-custom,BMW Tn Air Max Custom,Physical,,Sneakers,https://cdn.prod.website-files.com/648417e68dbd81f6440c3944/698237e61f3d9197738da441_Main.jpg,,€250.00,,standard-taxable,,,true,,,,,,,Chooze Size,38 EU   | 7 US,,,,,Tue Feb 03 2026 18:19:21 GMT+0000 (Coordinated Universal Time),Tue Feb 03 2026 18:21:22 GMT+0000 (Coordinated Universal Time),Tue Feb 03 2026 18:21:22 GMT+0000 (Coordinated Universal Time)
648417e68dbd81f6440c3946,69823c29065559186e2d07a4,648417e68dbd81f6440c3945,69823c2af152da05a86a7bea,bmw-tn-air-max-custom,BMW Tn Air Max Custom,Physical,,Sneakers,https://cdn.prod.website-files.com/648417e68dbd81f6440c3944/698237e61f3d9197738da441_Main.jpg,,€250.00,,standard-taxable,,,true,,,,,,,Chooze Size,45.5 EU | 11.5 US,,,,,Tue Feb 03 2026 18:19:21 GMT+0000 (Coordinated Universal Time),Tue Feb 03 2026 18:21:22 GMT+0000 (Coordinated Universal Time),Tue Feb 03 2026 18:21:22 GMT+0000 (Coordinated Universal Time)
648417e68dbd81f6440c3946,69823c29065559186e2d07a4,648417e68dbd81f6440c3945,69823c2af152da05a86a7bd7,bmw-tn-air-max-custom,BMW Tn Air Max Custom,Physical,,Sneakers,https://cdn.prod.website-files.com/648417e68dbd81f6440c3944/698237e61f3d9197738da441_Main.jpg,,€250.00,,standard-taxable,,,true,,,,,,,Chooze Size,38.5 EU | 7.5 US,,,,,Tue Feb 03 2026 18:19:21 GMT+0000 (Coordinated Universal Time),Tue Feb 03 2026 18:21:22 GMT+0000 (Coordinated Universal Time),Tue Feb 03 2026 18:21:22 GMT+0000 (Coordinated Universal Time)
648417e68dbd81f6440c3946,69823c29065559186e2d07a4,648417e68dbd81f6440c3945,69823c2af152da05a86a7bcc,bmw-tn-air-max-custom,BMW Tn Air Max Custom,Physical,,Sneakers,https://cdn.prod.website-files.com/648417e68dbd81f6440c3944/698237e61f3d9197738da441_Main.jpg,,€250.00,,standard-taxable,,,true,,,,,,,Chooze Size,37.5 EU | 6.5 US,,,,,Tue Feb 03 2026 18:19:21 GMT+0000 (Coordinated Universal Time),Tue Feb 03 2026 18:21:22 GMT+0000 (Coordinated Universal Time),Tue Feb 03 2026 18:21:22 GMT+0000 (Coordinated Universal Time)
